Identificação do post,Identificação da conta,Nome de usuário da conta,Nome da conta,Descrição,Duração (s),Horário de publicação,Link permanente,Tipo de post,Comentário de dados,Data,Visualizações,Alcance,Curtidas,Compartilhamentos,Visitas ao perfil,Respostas,Cliques no link,Navegação,Seguimentos,Toques em figurinhas,Profile visits
17938819908087692,17841412177671196,reisebr,R E I S E ®,,0.0,08/17/2026 13:57,https://www.instagram.com/stories/reisebr/3965968077386336165,Story do Instagram,,Total,2314.0,1895.0,5.0,2.0,26.0,1.0,,1976.0
18077109011402946,17841412177671196,reisebr,R E I S E ®,,0.0,09/21/2026 14:02,https://www.instagram.com/stories/reisebr/3991337417454347821,Story do Instagram,,Total,800.0,679.0,4.0,1.0,5.0,1.0,2.0,755.0
18104480594254881,17841412177671196,reisebr,R E I S E ®,,0.0,09/21/2026 14:00,https://www.instagram.com/stories/reisebr/3991336691796931501,Story do Instagram,,Total,835.0,710.0,4.0,0.0,3.0,0.0,,802.0
18072993188479973,17841412177671196,reisebr,R E I S E ®,,0.0,09/21/2026 13:46,https://www.instagram.com/stories/reisebr/3991329478048748379,Story do Instagram,,Total,863.0,733.0,3.0,0.0,1.0,0.0,20.0,810.0
18631608622049791,17841412177671196,reisebr,R E I S E ®,,0.0,09/21/2026 13:46,https://www.instagram.com/stories/reisebr/3991329428975443176,Story do Instagram,,Total,851.0,754.0,3.0,0.0,,0.0,,811.0
18097088420419990,17841412177671196,reisebr,R E I S E ®,.,0.0,09/21/2026 13:46,https://www.instagram.com/stories/reisebr/3991329376303317404,Story do Instagram,,Total,917.0,802.0,3.0,0.0,,0.0,,885.0
18401128525224006,17841412177671196,reisebr,R E I S E ®,.,0.0,09/21/2026 13:45,https://www.instagram.com/stories/reisebr/3991329325552492083,Story do Instagram,,Total,1103.0,940.0,5.0,0.0,6.0,0.0,,1001.0
18114622598081708,17841412177671196,reisebr,R E I S E ®,,0.0,09/20/2026 16:02,https://www.instagram.com/stories/reisebr/3990673116715032810,Story do Instagram,,Total,1302.0,1106.0,6.0,0.0,8.0,0.0,47.0,1221.0
18144951205569468,17841412177671196,reisebr,R E I S E ®,,0.0,09/20/2026 16:00,https://www.instagram.com/stories/reisebr/3990672488140661564,Story do Instagram,,Total,1369.0,1205.0,7.0,0.0,4.0,0.0,,1314.0
18087238337679193,17841412177671196,reisebr,R E I S E ®,,0.0,09/20/2026 12:02,https://www.instagram.com/stories/reisebr/3990552517163289879,Story do Instagram,,Total,1382.0,1155.0,7.0,0.0,14.0,0.0,30.0,1323.0
18107675609184743,17841412177671196,reisebr,R E I S E ®,,0.0,09/20/2026 12:01,https://www.instagram.com/stories/reisebr/3990552016396141288,Story do Instagram,,Total,1461.0,1271.0,9.0,2.0,,1.0,,1302.0,1.0
17874691011573114,17841412177671196,reisebr,R E I S E ®,,0.0,09/20/2026 12:00,https://www.instagram.com/stories/reisebr/3990551690926993680,Story do Instagram,,Total,1568.0,1393.0,7.0,0.0,19.0,0.0,,1456.0,1.0
18399731464205031,17841412177671196,reisebr,R E I S E ®,,0.0,09/19/2026 16:02,https://www.instagram.com/stories/reisebr/3989948755071287698,Story do Instagram,,Total,1299.0,1100.0,6.0,1.0,10.0,0.0,21.0,1153.0,1.0
18130198156708166,17841412177671196,reisebr,R E I S E ®,,0.0,09/19/2026 16:01,https://www.instagram.com/stories/reisebr/3989948031293824965,Story do Instagram,,Total,1322.0,1145.0,8.0,1.0,1.0,0.0,,1195.0
17906798286554402,17841412177671196,reisebr,R E I S E ®,,0.0,09/19/2026 16:00,https://www.instagram.com/stories/reisebr/3989947614564936349,Story do Instagram,,Total,1467.0,1271.0,5.0,1.0,3.0,0.0,,1294.0
18081710069328235,17841412177671196,reisebr,R E I S E ®,,0.0,09/19/2026 12:01,https://www.instagram.com/stories/reisebr/3989827288414056815,Story do Instagram,,Total,1267.0,1066.0,5.0,2.0,3.0,0.0,41.0,1160.0
18118076332941980,17841412177671196,reisebr,R E I S E ®,,0.0,09/19/2026 12:00,https://www.instagram.com/stories/reisebr/3989826938843458073,Story do Instagram,,Total,1434.0,1261.0,7.0,0.0,9.0,1.0,,1316.0
17907995241516390,17841412177671196,reisebr,R E I S E ®,,0.0,09/18/2026 16:04,https://www.instagram.com/stories/reisebr/3989224801164329216,Story do Instagram,,Total,1048.0,915.0,6.0,0.0,2.0,1.0,14.0,986.0
17983849413097927,17841412177671196,reisebr,R E I S E ®,,0.0,09/18/2026 16:03,https://www.instagram.com/stories/reisebr/3989224314667081670,Story do Instagram,,Total,1105.0,950.0,4.0,0.0,2.0,0.0,8.0,1055.0
17949446763323012,17841412177671196,reisebr,R E I S E ®,,0.0,09/18/2026 16:02,https://www.instagram.com/stories/reisebr/3989223865699942502,Story do Instagram,,Total,1162.0,975.0,5.0,1.0,2.0,0.0,15.0,1105.0
18139935349594053,17841412177671196,reisebr,R E I S E ®,,0.0,09/18/2026 16:02,https://www.instagram.com/stories/reisebr/3989223705998111527,Story do Instagram,,Total,1206.0,1000.0,7.0,0.0,2.0,0.0,13.0,1143.0
18352956928169607,17841412177671196,reisebr,R E I S E ®,,0.0,09/18/2026 16:01,https://www.instagram.com/stories/reisebr/3989223260545527716,Story do Instagram,,Total,1306.0,1071.0,12.0,3.0,1.0,0.0,33.0,1208.0
18123431455839579,17841412177671196,reisebr,R E I S E ®,,40.0,09/18/2026 16:00,https://www.instagram.com/stories/reisebr/3989222827475398435,Story do Instagram,,Total,1479.0,1279.0,12.0,0.0,6.0,0.0,,1375.0
18201433369377572,17841412177671196,reisebr,R E I S E ®,-,0.0,09/17/2026 13:58,https://www.instagram.com/stories/reisebr/3988436402204721283,Story do Instagram,,Total,1803.0,1468.0,9.0,2.0,14.0,3.0,,1581.0,1.0
18120709331488594,17841412177671196,reisebr,R E I S E ®,.,0.0,09/17/2026 08:01,https://www.instagram.com/stories/reisebr/3988256869755148281,Story do Instagram,,Total,1597.0,1253.0,6.0,0.0,14.0,0.0,,1526.0
18100354271128153,17841412177671196,reisebr,R E I S E ®,,0.0,09/17/2026 08:01,https://www.instagram.com/stories/reisebr/3988256755594575111,Story do Instagram,,Total,1711.0,1358.0,6.0,1.0,7.0,0.0,,1596.0
18118471192896533,17841412177671196,reisebr,R E I S E ®,.,0.0,09/17/2026 08:01,https://www.instagram.com/stories/reisebr/3988256696740230038,Story do Instagram,,Total,2064.0,1612.0,15.0,0.0,16.0,0.0,61.0,1808.0
18133157941570144,17841412177671196,reisebr,R E I S E ®,,0.0,09/16/2026 05:00,https://www.instagram.com/stories/reisebr/3987441198733665727,Story do Instagram,,Total,1269.0,1039.0,3.0,0.0,17.0,2.0,66.0,1160.0,1.0
18112616546077878,17841412177671196,reisebr,R E I S E ®,.,0.0,09/16/2026 05:00,https://www.instagram.com/stories/reisebr/3987441089723663701,Story do Instagram,,Total,1290.0,1085.0,2.0,0.0,1.0,0.0,,1227.0
18249678313308846,17841412177671196,reisebr,R E I S E ®,.,0.0,09/16/2026 05:00,https://www.instagram.com/stories/reisebr/3987440952804820574,Story do Instagram,,Total,1467.0,1247.0,4.0,0.0,16.0,0.0,,1355.0
18130102945707941,17841412177671196,reisebr,R E I S E ®,,0.0,09/15/2026 08:09,https://www.instagram.com/stories/reisebr/3986811544682448502,Story do Instagram,,Total,1314.0,1051.0,5.0,0.0,11.0,1.0,82.0,1210.0
18248064934311149,17841412177671196,reisebr,R E I S E ®,,3.0,09/15/2026 08:06,https://www.instagram.com/stories/reisebr/3986809958746173227,Story do Instagram,,Total,1306.0,1115.0,4.0,0.0,1.0,0.0,,1135.0
18412417369086337,17841412177671196,reisebr,R E I S E ®,,0.0,09/15/2026 08:05,https://www.instagram.com/stories/reisebr/3986809330761053046,Story do Instagram,,Total,1448.0,1269.0,3.0,0.0,5.0,0.0,,1351.0,1.0
18092257148157179,17841412177671196,reisebr,R E I S E ®,,0.0,09/15/2026 04:28,https://www.instagram.com/stories/reisebr/3986699956106206046,Story do Instagram,,Total,435.0,349.0,1.0,0.0,,0.0,,61.0
17987722485024343,17841412177671196,reisebr,R E I S E ®,,0.0,09/15/2026 04:28,https://www.instagram.com/stories/reisebr/3986699955804275073,Story do Instagram,,Total,525.0,428.0,1.0,0.0,,0.0,,76.0
17920009926221525,17841412177671196,reisebr,R E I S E ®,,0.0,09/14/2026 15:58,https://www.instagram.com/stories/reisebr/3986322618161836646,Story do Instagram,,Total,1529.0,1282.0,0.0,0.0,13.0,0.0,42.0,1437.0,1.0
18136722241615917,17841412177671196,reisebr,R E I S E ®,-,0.0,09/14/2026 15:57,https://www.instagram.com/stories/reisebr/3986322117404010695,Story do Instagram,,Total,2768.0,2401.0,2.0,2.0,2.0,0.0,,1513.0,1.0
18134394988725412,17841412177671196,reisebr,R E I S E ®,-,0.0,09/14/2026 15:57,https://www.instagram.com/stories/reisebr/3986322066610988583,Story do Instagram,,Total,1904.0,1679.0,4.0,0.0,11.0,0.0,,1762.0
18093785132428029,17841412177671196,reisebr,R E I S E ®,,0.0,09/13/2026 18:24,https://www.instagram.com/stories/reisebr/3985671140452595413,Story do Instagram,,Total,1448.0,1305.0,3.0,0.0,12.0,2.0,,1390.0
18147181486481732,17841412177671196,reisebr,R E I S E ®,,0.0,09/13/2026 18:23,https://www.instagram.com/stories/reisebr/3985670900655682643,Story do Instagram,,Total,1545.0,1384.0,3.0,0.0,6.0,1.0,,1480.0
18110465740842047,17841412177671196,reisebr,R E I S E ®,,0.0,09/13/2026 18:23,https://www.instagram.com/stories/reisebr/3985670841809629170,Story do Instagram,,Total,1930.0,1684.0,3.0,0.0,13.0,1.0,,1767.0
18282223282291174,17841412177671196,reisebr,R E I S E ®,,0.0,2026-12-09 16:02:00,https://www.instagram.com/stories/reisebr/3984874909791754252,Story do Instagram,,Total,1673.0,1380.0,2.0,0.0,5.0,0.0,50.0,1565.0
18143118091586964,17841412177671196,reisebr,R E I S E ®,,0.0,2026-12-09 16:01:00,https://www.instagram.com/stories/reisebr/3984874388666294311,Story do Instagram,,Total,1771.0,1493.0,7.0,0.0,6.0,0.0,,1678.0,1.0
18110332520111768,17841412177671196,reisebr,R E I S E ®,,0.0,2026-12-09 16:00:00,https://www.instagram.com/stories/reisebr/3984874081242289501,Story do Instagram,,Total,2120.0,1789.0,11.0,0.0,8.0,2.0,,1921.0
17974134452932212,17841412177671196,reisebr,R E I S E ®,,0.0,2026-11-09 16:02:00,https://www.instagram.com/stories/reisebr/3984150247836437157,Story do Instagram,,Total,1713.0,1376.0,4.0,1.0,18.0,0.0,102.0,1503.0
17986661715058599,17841412177671196,reisebr,R E I S E ®,,0.0,2026-11-09 16:01:00,https://www.instagram.com/stories/reisebr/3984149604647679160,Story do Instagram,,Total,1684.0,1402.0,3.0,0.0,4.0,0.0,,1610.0
17975613680924905,17841412177671196,reisebr,R E I S E ®,,0.0,2026-11-09 16:00:00,https://www.instagram.com/stories/reisebr/3984149442957522333,Story do Instagram,,Total,2041.0,1765.0,7.0,2.0,15.0,0.0,,1818.0
18002207744999141,17841412177671196,reisebr,R E I S E ®,,3.0,2026-10-09 15:02:00,https://www.instagram.com/stories/reisebr/3983395438506091316,Story do Instagram,,Total,1278.0,980.0,4.0,0.0,16.0,0.0,96.0,1101.0
17953652088269410,17841412177671196,reisebr,R E I S E ®,,3.0,2026-10-09 15:01:00,https://www.instagram.com/stories/reisebr/3983394872308079294,Story do Instagram,,Total,1229.0,1024.0,5.0,0.0,2.0,0.0,,1071.0
18129237913811936,17841412177671196,reisebr,R E I S E ®,,3.0,2026-10-09 15:01:00,https://www.instagram.com/stories/reisebr/3983394674437645477,Story do Instagram,,Total,1426.0,1247.0,6.0,0.0,13.0,0.0,,1238.0,2.0
17890010118612111,17841412177671196,reisebr,R E I S E ®,,0.0,2026-09-09 13:58:00,https://www.instagram.com/stories/reisebr/3982638207503478828,Story do Instagram,,Total,1251.0,1033.0,6.0,1.0,13.0,2.0,32.0,1156.0
1.79067398105369e+16,17841412177671196,reisebr,R E I S E ®,,0.0,2026-09-09 13:56:00,https://www.instagram.com/stories/reisebr/3982637595504349012,Story do Instagram,,Total,1254.0,1088.0,4.0,0.0,3.0,1.0,,1195.0
18085146500272829,17841412177671196,reisebr,R E I S E ®,,0.0,2026-09-09 13:56:00,https://www.instagram.com/stories/reisebr/3982637499446290456,Story do Instagram,,Total,1543.0,1314.0,5.0,0.0,14.0,1.0,,1424.0,1.0
17901272049590994,17841412177671196,reisebr,R E I S E ®,,0.0,2026-08-09 13:59:00,https://www.instagram.com/stories/reisebr/3981914291369736010,Story do Instagram,,Total,1531.0,1264.0,10.0,0.0,8.0,1.0,34.0,1402.0
18092823422142821,17841412177671196,reisebr,R E I S E ®,,0.0,2026-08-09 09:04:00,https://www.instagram.com/stories/reisebr/3981765768601108621,Story do Instagram,,Total,1271.0,1078.0,6.0,1.0,6.0,0.0,22.0,1149.0
18590262889064817,17841412177671196,reisebr,R E I S E ®,,0.0,2026-08-09 09:04:00,https://www.instagram.com/stories/reisebr/3981765768525562614,Story do Instagram,,Total,1252.0,1076.0,5.0,1.0,,0.0,,1198.0
18625874710060836,17841412177671196,reisebr,R E I S E ®,,0.0,2026-08-09 09:04:00,https://www.instagram.com/stories/reisebr/3981765768324273657,Story do Instagram,,Total,1456.0,1260.0,10.0,1.0,17.0,1.0,,1356.0
18012914519748376,17841412177671196,reisebr,R E I S E ®,,0.0,2026-07-09 12:02:00,https://www.instagram.com/stories/reisebr/3981130211323306546,Story do Instagram,,Total,1389.0,1223.0,1.0,0.0,10.0,0.0,9.0,1330.0,1.0
18120791287909938,17841412177671196,reisebr,R E I S E ®,,0.0,2026-07-09 12:01:00,https://www.instagram.com/stories/reisebr/3981129723988079455,Story do Instagram,,Total,1485.0,1333.0,6.0,0.0,5.0,0.0,,1420.0
18029860583853891,17841412177671196,reisebr,R E I S E ®,,0.0,2026-07-09 12:00:00,https://www.instagram.com/stories/reisebr/3981129228346791953,Story do Instagram,,Total,1795.0,1595.0,5.0,3.0,14.0,0.0,,1674.0
18090304355666331,17841412177671196,reisebr,R E I S E ®,,0.0,2026-06-09 12:00:00,https://www.instagram.com/stories/reisebr/3980404524330100950,Story do Instagram,,Total,1691.0,1489.0,1.0,0.0,9.0,0.0,20.0,1559.0
17987105811052946,17841412177671196,reisebr,R E I S E ®,,4.0,2026-06-09 08:02:00,https://www.instagram.com/stories/reisebr/3980284662638499093,Story do Instagram,,Total,1322.0,1140.0,4.0,0.0,6.0,1.0,,1267.0,1.0
18122522549510929,17841412177671196,reisebr,R E I S E ®,,4.0,2026-06-09 08:01:00,https://www.instagram.com/stories/reisebr/3980284232546930982,Story do Instagram,,Total,1400.0,1191.0,4.0,1.0,1.0,0.0,,1266.0
18140370103597641,17841412177671196,reisebr,R E I S E ®,,3.0,2026-06-09 08:00:00,https://www.instagram.com/stories/reisebr/3980283927999070235,Story do Instagram,,Total,1638.0,1414.0,1.0,0.0,14.0,0.0,,1472.0
18015851441946608,17841412177671196,reisebr,R E I S E ®,,8.0,2026-05-09 11:02:00,https://www.instagram.com/stories/reisebr/3979650718671412827,Story do Instagram,,Total,1421.0,1200.0,5.0,1.0,17.0,1.0,,1352.0
18090855491668738,17841412177671196,reisebr,R E I S E ®,,0.0,2026-05-09 11:02:00,https://www.instagram.com/stories/reisebr/3979650431353384048,Story do Instagram,,Total,1483.0,1266.0,5.0,0.0,4.0,0.0,,1421.0,1.0
18106107734352115,17841412177671196,reisebr,R E I S E ®,,0.0,2026-05-09 11:00:00,https://www.instagram.com/stories/reisebr/3979649866271619226,Story do Instagram,,Total,1800.0,1545.0,8.0,0.0,10.0,0.0,,1655.0
18556315321073887,17841412177671196,reisebr,R E I S E ®,,0.0,2026-04-09 12:01:00,https://www.instagram.com/stories/reisebr/3978955443671428563,Story do Instagram,,Total,1311.0,1114.0,6.0,0.0,7.0,0.0,24.0,1239.0
18103170035261724,17841412177671196,reisebr,R E I S E ®,-,0.0,2026-04-09 12:01:00,https://www.instagram.com/stories/reisebr/3978955361488457534,Story do Instagram,,Total,1326.0,1178.0,4.0,0.0,2.0,0.0,,1269.0
18152421598515619,17841412177671196,reisebr,R E I S E ®,,0.0,2026-04-09 12:00:00,https://www.instagram.com/stories/reisebr/3978955277451379790,Story do Instagram,,Total,1554.0,1392.0,1.0,0.0,20.0,0.0,,1414.0
18077893217359277,17841412177671196,reisebr,R E I S E ®,,0.0,2026-03-09 11:34:00,https://www.instagram.com/stories/reisebr/3978217406591231241,Story do Instagram,,Total,1174.0,1036.0,4.0,0.0,8.0,0.0,8.0,1110.0
17947791768294745,17841412177671196,reisebr,R E I S E ®,,0.0,2026-03-09 11:34:00,https://www.instagram.com/stories/reisebr/3978217407379915313,Story do Instagram,,Total,1199.0,1084.0,4.0,0.0,3.0,0.0,,1148.0
18124492453754858,17841412177671196,reisebr,R E I S E ®,,0.0,2026-03-09 11:34:00,https://www.instagram.com/stories/reisebr/3978217406842801238,Story do Instagram,,Total,1446.0,1297.0,6.0,1.0,12.0,0.0,,1329.0
18060514142610698,17841412177671196,reisebr,R E I S E ®,,0.0,2026-02-09 13:47:00,https://www.instagram.com/stories/reisebr/3977559460467401655,Story do Instagram,,Total,1335.0,1079.0,3.0,0.0,6.0,0.0,27.0,1262.0
18114587024517907,17841412177671196,reisebr,R E I S E ®,,0.0,2026-02-09 13:47:00,https://www.instagram.com/stories/reisebr/3977559460433773551,Story do Instagram,,Total,1410.0,1173.0,10.0,0.0,2.0,1.0,,1339.0
18103211243242861,17841412177671196,reisebr,R E I S E ®,,0.0,2026-02-09 13:47:00,https://www.instagram.com/stories/reisebr/3977559460333220631,Story do Instagram,,Total,1589.0,1360.0,6.0,1.0,11.0,0.0,,1462.0,1.0
18441058486126493,17841412177671196,reisebr,R E I S E ®,,0.0,2026-01-09 11:57:00,https://www.instagram.com/stories/reisebr/3976779190891435542,Story do Instagram,,Total,1512.0,1282.0,7.0,1.0,14.0,1.0,10.0,1368.0,1.0
17906069241542530,17841412177671196,reisebr,R E I S E ®,,0.0,2026-01-09 11:55:00,https://www.instagram.com/stories/reisebr/3976778358112315082,Story do Instagram,,Total,1643.0,1368.0,6.0,1.0,5.0,0.0,,1494.0,1.0
18233315245318686,17841412177671196,reisebr,R E I S E ®,,0.0,2026-01-09 11:55:00,https://www.instagram.com/stories/reisebr/3976778187831825166,Story do Instagram,,Total,1963.0,1637.0,12.0,5.0,8.0,1.0,,1671.0
18085348868254898,17841412177671196,reisebr,R E I S E ®,,0.0,08/31/2026 14:03,https://www.instagram.com/stories/reisebr/3976117910814230019,Story do Instagram,,Total,1825.0,1520.0,8.0,0.0,12.0,0.0,48.0,1679.0,1.0
17983311132115275,17841412177671196,reisebr,R E I S E ®,,0.0,08/31/2026 13:58,https://www.instagram.com/stories/reisebr/3976115371481901338,Story do Instagram,,Total,1901.0,1610.0,4.0,0.0,3.0,2.0,,1793.0
18126654781808522,17841412177671196,reisebr,R E I S E ®,,0.0,08/31/2026 13:58,https://www.instagram.com/stories/reisebr/3976115268948002964,Story do Instagram,,Total,2224.0,1882.0,6.0,0.0,18.0,1.0,,1997.0,1.0
18120095272931695,17841412177671196,reisebr,R E I S E ®,,0.0,08/30/2026 14:01,https://www.instagram.com/stories/reisebr/3975391905143742550,Story do Instagram,,Total,1502.0,1297.0,3.0,0.0,5.0,0.0,,1449.0
18125838211794970,17841412177671196,reisebr,R E I S E ®,,0.0,08/30/2026 14:00,https://www.instagram.com/stories/reisebr/3975391448357994525,Story do Instagram,,Total,1630.0,1426.0,6.0,0.0,7.0,1.0,,1527.0,1.0
18233539759320656,17841412177671196,reisebr,R E I S E ®,,0.0,08/30/2026 08:07,https://www.instagram.com/stories/reisebr/3975214086177184065,Story do Instagram,,Total,1420.0,1150.0,7.0,0.0,3.0,1.0,34.0,1327.0
18132617845639973,17841412177671196,reisebr,R E I S E ®,,0.0,08/30/2026 08:06,https://www.instagram.com/stories/reisebr/3975213485787893936,Story do Instagram,,Total,1408.0,1187.0,2.0,0.0,2.0,0.0,,1365.0
18007849223971740,17841412177671196,reisebr,R E I S E ®,,0.0,08/30/2026 08:06,https://www.instagram.com/stories/reisebr/3975213340094610222,Story do Instagram,,Total,1586.0,1326.0,1.0,0.0,4.0,0.0,,1485.0
17971326699127006,17841412177671196,reisebr,R E I S E ®,,0.0,08/29/2026 16:02,https://www.instagram.com/stories/reisebr/3974728030387917204,Story do Instagram,,Total,1251.0,1038.0,2.0,0.0,3.0,0.0,12.0,1194.0
18090753620157157,17841412177671196,reisebr,R E I S E ®,,0.0,08/29/2026 16:01,https://www.instagram.com/stories/reisebr/3974727506367462617,Story do Instagram,,Total,1264.0,1069.0,6.0,0.0,,0.0,,1224.0
18150091639471714,17841412177671196,reisebr,R E I S E ®,,0.0,08/29/2026 16:00,https://www.instagram.com/stories/reisebr/3974727044281465819,Story do Instagram,,Total,1366.0,1171.0,8.0,0.0,3.0,0.0,,1293.0
18122367949837221,17841412177671196,reisebr,R E I S E ®,,0.0,08/29/2026 10:26,https://www.instagram.com/stories/reisebr/3974559184078679512,Story do Instagram,,Total,1051.0,918.0,3.0,0.0,2.0,0.0,,1022.0
18101314663986381,17841412177671196,reisebr,R E I S E ®,,0.0,08/29/2026 10:24,https://www.instagram.com/stories/reisebr/3974558265081554612,Story do Instagram,,Total,1173.0,975.0,5.0,0.0,2.0,0.0,,1117.0
17945293713274099,17841412177671196,reisebr,R E I S E ®,,0.0,08/29/2026 10:24,https://www.instagram.com/stories/reisebr/3974558150501398664,Story do Instagram,,Total,1334.0,1127.0,6.0,1.0,8.0,0.0,,1247.0
18071878256715101,17841412177671196,reisebr,R E I S E ®,,0.0,08/28/2026 16:03,https://www.instagram.com/stories/reisebr/3974003776889782294,Story do Instagram,,Total,1184.0,987.0,2.0,0.0,4.0,0.0,20.0,1121.0
18098131187289424,17841412177671196,reisebr,R E I S E ®,,0.0,08/28/2026 16:01,https://www.instagram.com/stories/reisebr/3974002777931702591,Story do Instagram,,Total,1211.0,1021.0,4.0,0.0,,0.0,,1174.0
18390289180165422,17841412177671196,reisebr,R E I S E ®,,0.0,08/28/2026 16:00,https://www.instagram.com/stories/reisebr/3974002250656855957,Story do Instagram,,Total,1329.0,1107.0,6.0,0.0,2.0,0.0,,1250.0,1.0
17909223816284234,17841412177671196,reisebr,R E I S E ®,,0.0,08/28/2026 11:58,https://www.instagram.com/stories/reisebr/3973880897843084735,Story do Instagram,,Total,1296.0,1086.0,7.0,0.0,2.0,0.0,15.0,1243.0
18120773102309662,17841412177671196,reisebr,R E I S E ®,,0.0,08/28/2026 11:58,https://www.instagram.com/stories/reisebr/3973880435580350949,Story do Instagram,,Total,1325.0,1157.0,3.0,0.0,3.0,0.0,,1271.0
18336392182248047,17841412177671196,reisebr,R E I S E ®,,0.0,08/28/2026 11:57,https://www.instagram.com/stories/reisebr/3973880358984196829,Story do Instagram,,Total,1579.0,1394.0,8.0,0.0,11.0,0.0,,1455.0,1.0
18142918543492355,17841412177671196,reisebr,R E I S E ®,,0.0,08/27/2026 14:02,https://www.instagram.com/stories/reisebr/3973218499640480948,Story do Instagram,,Total,1292.0,1081.0,4.0,0.0,11.0,0.0,36.0,1209.0
17960769252192443,17841412177671196,reisebr,R E I S E ®,,0.0,08/27/2026 14:01,https://www.instagram.com/stories/reisebr/3973217702387240667,Story do Instagram,,Total,1327.0,1140.0,1.0,1.0,5.0,0.0,,1266.0
18335262328258377,17841412177671196,reisebr,R E I S E ®,,0.0,08/27/2026 14:01,https://www.instagram.com/stories/reisebr/3973217519305232265,Story do Instagram,,Total,1564.0,1351.0,6.0,1.0,7.0,1.0,,1444.0
18175604668425834,17841412177671196,reisebr,R E I S E ®,,0.0,08/26/2026 14:03,https://www.instagram.com/stories/reisebr/3972493832852184139,Story do Instagram,,Total,1315.0,1127.0,2.0,3.0,5.0,0.0,15.0,1226.0
18620764066000832,17841412177671196,reisebr,R E I S E ®,,0.0,08/26/2026 14:01,https://www.instagram.com/stories/reisebr/3972492801296253654,Story do Instagram,,Total,1358.0,1180.0,5.0,0.0,1.0,0.0,,1309.0
18086597516220503,17841412177671196,reisebr,R E I S E ®,,0.0,08/26/2026 14:00,https://www.instagram.com/stories/reisebr/3972492375255531307,Story do Instagram,,Total,1495.0,1262.0,6.0,0.0,4.0,1.0,,1397.0
18089368757176585,17841412177671196,reisebr,R E I S E ®,,0.0,08/26/2026 11:03,https://www.instagram.com/stories/reisebr/3972403271000419482,Story do Instagram,,Total,1483.0,1173.0,7.0,2.0,3.0,1.0,49.0,1395.0
18096561617455089,17841412177671196,reisebr,R E I S E ®,,0.0,08/26/2026 11:01,https://www.instagram.com/stories/reisebr/3972402604970272351,Story do Instagram,,Total,1479.0,1214.0,7.0,0.0,3.0,1.0,,1414.0,1.0
18050057075800877,17841412177671196,reisebr,R E I S E ®,,0.0,08/26/2026 11:00,https://www.instagram.com/stories/reisebr/3972401963014739708,Story do Instagram,,Total,1679.0,1426.0,9.0,2.0,9.0,1.0,,1539.0
17880539991687049,17841412177671196,reisebr,R E I S E ®,,0.0,08/25/2026 14:02,https://www.instagram.com/stories/reisebr/3971768901813733870,Story do Instagram,,Total,1395.0,1133.0,9.0,0.0,10.0,0.0,12.0,1330.0
17953214019017513,17841412177671196,reisebr,R E I S E ®,,0.0,08/25/2026 14:00,https://www.instagram.com/stories/reisebr/3971767898486443076,Story do Instagram,,Total,1518.0,1264.0,9.0,0.0,9.0,0.0,,1421.0,1.0
18136862035623806,17841412177671196,reisebr,R E I S E ®,,0.0,08/25/2026 08:29,https://www.instagram.com/stories/reisebr/3971601236745633154,Story do Instagram,,Total,1660.0,1357.0,9.0,1.0,12.0,0.0,36.0,1505.0,1.0
17981591889115193,17841412177671196,reisebr,R E I S E ®,,0.0,08/24/2026 14:00,https://www.instagram.com/stories/reisebr/3971042977606311764,Story do Instagram,,Total,1948.0,1661.0,6.0,1.0,18.0,0.0,27.0,1777.0
17938159113347565,17841412177671196,reisebr,R E I S E ®,,0.0,08/23/2026 17:04,https://www.instagram.com/stories/reisebr/3970410893890772265,Story do Instagram,,Total,1566.0,1372.0,7.0,1.0,13.0,2.0,,1491.0
18076833761347981,17841412177671196,reisebr,R E I S E ®,,0.0,08/23/2026 17:03,https://www.instagram.com/stories/reisebr/3970410395313743045,Story do Instagram,,Total,1822.0,1651.0,7.0,0.0,15.0,1.0,,1688.0
17943649311334762,17841412177671196,reisebr,R E I S E ®,,0.0,08/22/2026 17:45,https://www.instagram.com/stories/reisebr/3969706406897036663,Story do Instagram,,Total,1590.0,1404.0,2.0,1.0,8.0,1.0,10.0,1525.0
18406075531089768,17841412177671196,reisebr,R E I S E ®,,0.0,08/22/2026 17:42,https://www.instagram.com/stories/reisebr/3969705117282936961,Story do Instagram,,Total,1722.0,1528.0,8.0,1.0,5.0,0.0,,1647.0
18013990232941924,17841412177671196,reisebr,R E I S E ®,,0.0,08/22/2026 17:42,https://www.instagram.com/stories/reisebr/3969705035636447843,Story do Instagram,,Total,2204.0,1917.0,4.0,0.0,14.0,1.0,,2016.0,1.0
18116935183901579,17841412177671196,reisebr,R E I S E ®,,0.0,08/21/2026 12:09,https://www.instagram.com/stories/reisebr/3968812819606307400,Story do Instagram,,Total,1571.0,1357.0,10.0,0.0,7.0,1.0,22.0,1471.0
17946321315258615,17841412177671196,reisebr,R E I S E ®,,0.0,08/21/2026 12:07,https://www.instagram.com/stories/reisebr/3968811566759229571,Story do Instagram,,Total,1667.0,1416.0,2.0,0.0,3.0,0.0,,1561.0
18170641897453461,17841412177671196,reisebr,R E I S E ®,,0.0,08/21/2026 12:06,https://www.instagram.com/stories/reisebr/3968811062561865947,Story do Instagram,,Total,2011.0,1684.0,11.0,2.0,11.0,0.0,,1797.0
1.81246673838247e+16,17841412177671196,reisebr,R E I S E ®,,0.0,08/20/2026 14:19,https://www.instagram.com/stories/reisebr/3968153526548639891,Story do Instagram,,Total,1348.0,1124.0,2.0,0.0,13.0,0.0,,1283.0,1.0
17916969189463601,17841412177671196,reisebr,R E I S E ®,,60.0,08/20/2026 14:18,https://www.instagram.com/stories/reisebr/3968153145603365093,Story do Instagram,,Total,1634.0,1382.0,5.0,0.0,20.0,0.0,,1501.0,1.0
17905454055307289,17841412177671196,reisebr,R E I S E ®,,0.0,08/19/2026 13:59,https://www.instagram.com/stories/reisebr/3967418670846177768,Story do Instagram,,Total,1635.0,1410.0,4.0,0.0,19.0,0.0,,1502.0,1.0,18.0
17895482370596731,17841412177671196,reisebr,R E I S E ®,,5.0,08/18/2026 16:10,https://www.instagram.com/stories/reisebr/3966759492636988310,Story do Instagram,,Total,1406.0,1129.0,9.0,1.0,5.0,1.0,,1265.0,1.0
18093061838421673,17841412177671196,reisebr,R E I S E ®,,0.0,08/18/2026 14:01,https://www.instagram.com/stories/reisebr/3966694572815696630,Story do Instagram,,Total,1412.0,1112.0,9.0,0.0,3.0,0.0,35.0,1334.0
18102880838167358,17841412177671196,reisebr,R E I S E ®,,0.0,08/18/2026 14:00,https://www.instagram.com/stories/reisebr/3966694137572795643,Story do Instagram,,Total,1409.0,1150.0,11.0,0.0,7.0,1.0,,1327.0
18124156336744501,17841412177671196,reisebr,R E I S E ®,,0.0,08/18/2026 14:00,https://www.instagram.com/stories/reisebr/3966694055507095742,Story do Instagram,,Total,1450.0,1231.0,9.0,0.0,5.0,1.0,,1363.0
18126395314727396,17841412177671196,reisebr,R E I S E ®,,0.0,08/18/2026 11:34,https://www.instagram.com/stories/reisebr/3966620684714791128,Story do Instagram,,Total,1745.0,1416.0,3.0,2.0,21.0,0.0,,1483.0,2.0
17890963569576111,17841412177671196,reisebr,R E I S E ®,,0.0,2026-10-07 12:01:00,https://www.instagram.com/stories/reisebr/3938368366227815886,Story do Instagram,,Total,2143.0,1921.0,2.0,2.0,6.0,0.0,,1979.0,2.0
17951186403196212,17841412177671196,reisebr,R E I S E ®,,0.0,2026-10-07 12:02:00,https://www.instagram.com/stories/reisebr/3938368858530214457,Story do Instagram,,Total,1724.0,1568.0,3.0,0.0,2.0,0.0,,1655.0
18198365044365577,17841412177671196,reisebr,R E I S E ®,,0.0,2026-10-07 12:03:00,https://www.instagram.com/stories/reisebr/3938369019834664924,Story do Instagram,,Total,1639.0,1487.0,8.0,3.0,1.0,0.0,,1565.0
18119946863496774,17841412177671196,reisebr,R E I S E ®,,20.0,2026-10-07 12:04:00,https://www.instagram.com/stories/reisebr/3938369898212301058,Story do Instagram,,Total,1586.0,1416.0,2.0,2.0,5.0,0.0,16.0,1531.0
17998241330991968,17841412177671196,reisebr,R E I S E ®,,0.0,07/14/2026 14:03,https://www.instagram.com/stories/reisebr/3941328560893259845,Story do Instagram,,Total,3056.0,2542.0,8.0,0.0,40.0,1.0,31.0,2746.0
18126518206652361,17841412177671196,reisebr,R E I S E ®,,0.0,07/15/2026 13:49,https://www.instagram.com/stories/reisebr/3942046564836780868,Story do Instagram,,Total,2991.0,2457.0,13.0,1.0,10.0,0.0,,2643.0,,24.0
17978093754059729,17841412177671196,reisebr,R E I S E ®,,0.0,07/15/2026 13:51,https://www.instagram.com/stories/reisebr/3942047141308469274,Story do Instagram,,Total,2546.0,2096.0,10.0,1.0,6.0,1.0,,2404.0,,29.0
17979167790025058,17841412177671196,reisebr,R E I S E ®,,0.0,07/15/2026 14:09,https://www.instagram.com/stories/reisebr/3942056288768712261,Story do Instagram,,Total,2221.0,1902.0,5.0,0.0,4.0,0.0,,2115.0
17937558339299258,17841412177671196,reisebr,R E I S E ®,,0.0,07/15/2026 14:09,https://www.instagram.com/stories/reisebr/3942056367504087978,Story do Instagram,,Total,2093.0,1779.0,6.0,0.0,14.0,2.0,,2011.0
18072915815720832,17841412177671196,reisebr,R E I S E ®,,0.0,07/16/2026 08:00,https://www.instagram.com/stories/reisebr/3942595420118083811,Story do Instagram,,Total,2016.0,1732.0,6.0,0.0,5.0,1.0,29.0,1852.0,1.0
18060610526738648,17841412177671196,reisebr,R E I S E ®,,0.0,07/16/2026 08:01,https://www.instagram.com/stories/reisebr/3942595787631432956,Story do Instagram,,Total,1708.0,1436.0,8.0,0.0,2.0,0.0,12.0,1631.0
17907195498446548,17841412177671196,reisebr,R E I S E ®,,0.0,07/16/2026 08:02,https://www.instagram.com/stories/reisebr/3942596349341083279,Story do Instagram,,Total,1666.0,1407.0,9.0,0.0,2.0,1.0,17.0,1596.0
18026474774679260,17841412177671196,reisebr,R E I S E ®,,0.0,07/16/2026 08:02,https://www.instagram.com/stories/reisebr/3942596637808467008,Story do Instagram,,Total,1580.0,1335.0,12.0,0.0,8.0,1.0,17.0,1492.0
17898505248532326,17841412177671196,reisebr,R E I S E ®,,0.0,07/17/2026 12:02,https://www.instagram.com/stories/reisebr/3943442300543443553,Story do Instagram,,Total,2595.0,2261.0,4.0,0.0,12.0,1.0,,2347.0
18082539659217848,17841412177671196,reisebr,R E I S E ®,,0.0,07/17/2026 12:04,https://www.instagram.com/stories/reisebr/3943442871380021455,Story do Instagram,,Total,2123.0,1818.0,2.0,0.0,14.0,2.0,,1995.0
17986108320041590,17841412177671196,reisebr,R E I S E ®,,0.0,07/18/2026 12:30,https://www.instagram.com/stories/reisebr/3944181058138079636,Story do Instagram,,Total,2666.0,2219.0,9.0,0.0,6.0,0.0,,2430.0
18070885670389889,17841412177671196,reisebr,R E I S E ®,,0.0,07/18/2026 12:31,https://www.instagram.com/stories/reisebr/3944181657722251175,Story do Instagram,,Total,2146.0,1862.0,2.0,0.0,2.0,1.0,,2061.0
18098299445192864,17841412177671196,reisebr,R E I S E ®,,0.0,07/18/2026 12:33,https://www.instagram.com/stories/reisebr/3944182457945257780,Story do Instagram,,Total,2042.0,1770.0,3.0,0.0,7.0,0.0,25.0,1923.0
17976913326062579,17841412177671196,reisebr,R E I S E ®,,0.0,07/19/2026 15:01,https://www.instagram.com/stories/reisebr/3944981798209322079,Story do Instagram,,Total,2148.0,1885.0,2.0,0.0,20.0,0.0,,1999.0
18104577620061483,17841412177671196,reisebr,R E I S E ®,,0.0,07/19/2026 15:01,https://www.instagram.com/stories/reisebr/3944981890710614433,Story do Instagram,,Total,1646.0,1456.0,2.0,0.0,5.0,0.0,,1591.0
17931301299353840,17841412177671196,reisebr,R E I S E ®,,0.0,07/19/2026 15:01,https://www.instagram.com/stories/reisebr/3944981921404474964,Story do Instagram,,Total,1583.0,1398.0,3.0,0.0,6.0,1.0,,1540.0
17973950145067935,17841412177671196,reisebr,R E I S E ®,,0.0,07/20/2026 14:00,https://www.instagram.com/stories/reisebr/3945675809878311975,Story do Instagram,,Total,1828.0,1684.0,3.0,0.0,19.0,0.0,,1707.0,1.0
18121583257800870,17841412177671196,reisebr,R E I S E ®,,0.0,07/20/2026 14:00,https://www.instagram.com/stories/reisebr/3945675852542839576,Story do Instagram,,Total,1446.0,1339.0,5.0,0.0,3.0,0.0,,1400.0
18106947740079593,17841412177671196,reisebr,R E I S E ®,,0.0,07/20/2026 14:00,https://www.instagram.com/stories/reisebr/3945675910633925651,Story do Instagram,,Total,1357.0,1267.0,6.0,0.0,3.0,0.0,,1322.0
18113619587473342,17841412177671196,reisebr,R E I S E ®,,0.0,07/20/2026 14:00,https://www.instagram.com/stories/reisebr/3945675949271937817,Story do Instagram,,Total,1327.0,1218.0,6.0,0.0,10.0,0.0,,1280.0
18118906894876566,17841412177671196,reisebr,R E I S E ®,,0.0,07/21/2026 14:05,https://www.instagram.com/stories/reisebr/3946402932784098362,Story do Instagram,,Total,2332.0,1984.0,8.0,0.0,13.0,0.0,34.0,2091.0
18208036147360506,17841412177671196,reisebr,R E I S E ®,,0.0,07/21/2026 14:05,https://www.instagram.com/stories/reisebr/3946403339069550765,Story do Instagram,,Total,1888.0,1591.0,6.0,0.0,1.0,0.0,21.0,1787.0
18105585817877620,17841412177671196,reisebr,R E I S E ®,,0.0,07/21/2026 14:08,https://www.instagram.com/stories/reisebr/3946404567740436984,Story do Instagram,,Total,1695.0,1481.0,5.0,0.0,8.0,0.0,,1627.0
18017574581902941,17841412177671196,reisebr,R E I S E ®,,0.0,07/21/2026 14:09,https://www.instagram.com/stories/reisebr/3946404964915916232,Story do Instagram,,Total,1601.0,1414.0,6.0,0.0,10.0,1.0,22.0,1533.0
18101817409910196,17841412177671196,reisebr,R E I S E ®,,0.0,07/23/2026 13:56,https://www.instagram.com/stories/reisebr/3947848044374372467,Story do Instagram,,Total,1698.0,1516.0,7.0,0.0,12.0,0.0,,1590.0
18054595067610425,17841412177671196,reisebr,R E I S E ®,,0.0,07/23/2026 13:57,https://www.instagram.com/stories/reisebr/3947848439830042703,Story do Instagram,,Total,1479.0,1216.0,8.0,0.0,1.0,0.0,38.0,1409.0
18108097109284975,17841412177671196,reisebr,R E I S E ®,,0.0,07/23/2026 13:58,https://www.instagram.com/stories/reisebr/3947848966173174737,Story do Instagram,,Total,1495.0,1159.0,9.0,0.0,,1.0,53.0,1408.0
17953512336198087,17841412177671196,reisebr,R E I S E ®,,0.0,07/23/2026 13:58,https://www.instagram.com/stories/reisebr/3947849342259672672,Story do Instagram,,Total,1411.0,1100.0,7.0,1.0,2.0,0.0,29.0,1345.0
18105117017130138,17841412177671196,reisebr,R E I S E ®,,0.0,07/23/2026 13:59,https://www.instagram.com/stories/reisebr/3947849725770155647,Story do Instagram,,Total,1307.0,1071.0,5.0,0.0,1.0,0.0,11.0,1263.0
17975773217903699,17841412177671196,reisebr,R E I S E ®,,0.0,07/23/2026 14:00,https://www.instagram.com/stories/reisebr/3947850115999763256,Story do Instagram,,Total,1171.0,1017.0,4.0,0.0,,0.0,6.0,1139.0
18057713708771780,17841412177671196,reisebr,R E I S E ®,,0.0,07/23/2026 14:01,https://www.instagram.com/stories/reisebr/3947850394231403801,Story do Instagram,,Total,1083.0,983.0,5.0,0.0,4.0,0.0,,1057.0
17956252071175281,17841412177671196,reisebr,R E I S E ®,,0.0,07/23/2026 14:01,https://www.instagram.com/stories/reisebr/3947850626117569559,Story do Instagram,,Total,1041.0,959.0,6.0,0.0,1.0,0.0,,1019.0
17982459483011779,17841412177671196,reisebr,R E I S E ®,,0.0,07/23/2026 14:02,https://www.instagram.com/stories/reisebr/3947851254684549499,Story do Instagram,,Total,1005.0,929.0,5.0,0.0,1.0,0.0,,976.0
18088510013192381,17841412177671196,reisebr,R E I S E ®,,0.0,07/23/2026 14:03,https://www.instagram.com/stories/reisebr/3947851861122723241,Story do Instagram,,Total,1026.0,899.0,11.0,1.0,10.0,2.0,,976.0
18122430808690185,17841412177671196,reisebr,R E I S E ®,,0.0,07/24/2026 12:00,https://www.instagram.com/stories/reisebr/3948514380681916217,Story do Instagram,,Total,2308.0,2027.0,5.0,0.0,9.0,0.0,,2106.0
18117461647797177,17841412177671196,reisebr,R E I S E ®,,0.0,07/24/2026 12:01,https://www.instagram.com/stories/reisebr/3948515103083334053,Story do Instagram,,Total,1841.0,1643.0,3.0,0.0,2.0,1.0,,1776.0,1.0
18067956728467576,17841412177671196,reisebr,R E I S E ®,,0.0,07/24/2026 12:03,https://www.instagram.com/stories/reisebr/3948515760162744584,Story do Instagram,,Total,1697.0,1558.0,6.0,0.0,4.0,0.0,,1638.0
18337260070269285,17841412177671196,reisebr,R E I S E ®,,0.0,07/24/2026 12:03,https://www.instagram.com/stories/reisebr/3948515932348056310,Story do Instagram,,Total,1617.0,1466.0,4.0,0.0,10.0,1.0,,1555.0
18368947855237763,17841412177671196,reisebr,R E I S E ®,,0.0,07/25/2026 14:01,https://www.instagram.com/stories/reisebr/3949299929646577652,Story do Instagram,,Total,1979.0,1839.0,1.0,0.0,8.0,0.0,,1863.0,1.0
17946415911215378,17841412177671196,reisebr,R E I S E ®,,0.0,07/25/2026 14:01,https://www.instagram.com/stories/reisebr/3949300260711620623,Story do Instagram,,Total,1585.0,1505.0,1.0,0.0,2.0,0.0,,1534.0
18057672767781053,17841412177671196,reisebr,R E I S E ®,,0.0,07/25/2026 14:02,https://www.instagram.com/stories/reisebr/3949300882433106377,Story do Instagram,,Total,1482.0,1418.0,1.0,0.0,,0.0,,1444.0
18099686762522096,17841412177671196,reisebr,R E I S E ®,,0.0,07/25/2026 14:03,https://www.instagram.com/stories/reisebr/3949301045247970093,Story do Instagram,,Total,1453.0,1359.0,1.0,0.0,13.0,0.0,,1411.0
18137388793595733,17841412177671196,reisebr,R E I S E ®,,0.0,07/26/2026 14:00,https://www.instagram.com/stories/reisebr/3950024475914908119,Story do Instagram,,Total,2132.0,1902.0,5.0,0.0,22.0,0.0,,1994.0,1.0
18369821815232787,17841412177671196,reisebr,R E I S E ®,,0.0,07/26/2026 14:03,https://www.instagram.com/stories/reisebr/3950025962510373702,Story do Instagram,,Total,1722.0,1559.0,2.0,0.0,9.0,0.0,,1660.0
17951104725203316,17841412177671196,reisebr,R E I S E ®,,0.0,07/26/2026 17:46,https://www.instagram.com/stories/reisebr/3950138423304606703,Story do Instagram,,Total,1743.0,1497.0,6.0,0.0,5.0,0.0,21.0,1621.0
17959943019176168,17841412177671196,reisebr,R E I S E ®,,0.0,07/26/2026 17:48,https://www.instagram.com/stories/reisebr/3950139185577485892,Story do Instagram,,Total,1604.0,1311.0,8.0,1.0,13.0,0.0,29.0,1500.0
18110984356980582,17841412177671196,reisebr,R E I S E ®,,0.0,07/27/2026 14:00,https://www.instagram.com/stories/reisebr/3950749398212382285,Story do Instagram,,Total,1947.0,1742.0,6.0,0.0,13.0,0.0,,1816.0
17980447262880150,17841412177671196,reisebr,R E I S E ®,,0.0,07/27/2026 14:02,https://www.instagram.com/stories/reisebr/3950750046525484920,Story do Instagram,,Total,1618.0,1475.0,5.0,0.0,2.0,0.0,,1554.0
17927117565143805,17841412177671196,reisebr,R E I S E ®,,0.0,07/27/2026 14:02,https://www.instagram.com/stories/reisebr/3950750191473466550,Story do Instagram,,Total,1565.0,1420.0,7.0,1.0,8.0,1.0,,1506.0
18127110310663314,17841412177671196,reisebr,R E I S E ®,,0.0,07/27/2026 14:03,https://www.instagram.com/stories/reisebr/3950750745188125570,Story do Instagram,,Total,1529.0,1355.0,7.0,0.0,6.0,1.0,40.0,1448.0
18106442858125144,17841412177671196,reisebr,R E I S E ®,,0.0,07/28/2026 13:46,https://www.instagram.com/stories/reisebr/3951467149761412474,Story do Instagram,,Total,1761.0,1574.0,2.0,0.0,14.0,0.0,,1637.0
18101784539599398,17841412177671196,reisebr,R E I S E ®,,0.0,07/28/2026 13:47,https://www.instagram.com/stories/reisebr/3951467255432682986,Story do Instagram,,Total,1389.0,1260.0,3.0,0.0,1.0,0.0,,1326.0
18610273726019612,17841412177671196,reisebr,R E I S E ®,,0.0,07/28/2026 13:47,https://www.instagram.com/stories/reisebr/3951467330191828911,Story do Instagram,,Total,1294.0,1188.0,3.0,0.0,,0.0,,1256.0
17960104545171747,17841412177671196,reisebr,R E I S E ®,,0.0,07/28/2026 13:47,https://www.instagram.com/stories/reisebr/3951467410932357555,Story do Instagram,,Total,1300.0,1144.0,6.0,0.0,15.0,0.0,,1227.0
17906158785457240,17841412177671196,reisebr,R E I S E ®,,0.0,07/29/2026 13:55,https://www.instagram.com/stories/reisebr/3952196027479976865,Story do Instagram,,Total,1949.0,1726.0,12.0,0.0,11.0,0.0,,1769.0
18116689702926190,17841412177671196,reisebr,R E I S E ®,,0.0,07/29/2026 13:57,https://www.instagram.com/stories/reisebr/3952197257769963283,Story do Instagram,,Total,1602.0,1396.0,7.0,0.0,3.0,0.0,,1513.0
18332231932280011,17841412177671196,reisebr,R E I S E ®,,0.0,07/29/2026 13:58,https://www.instagram.com/stories/reisebr/3952197567133299420,Story do Instagram,,Total,1491.0,1314.0,4.0,0.0,2.0,0.0,,1435.0
18106598942037932,17841412177671196,reisebr,R E I S E ®,,0.0,07/29/2026 13:58,https://www.instagram.com/stories/reisebr/3952197872579376239,Story do Instagram,,Total,1432.0,1254.0,9.0,0.0,5.0,1.0,,1360.0
17997629318989972,17841412177671196,reisebr,R E I S E ®,,0.0,07/30/2026 13:31,https://www.instagram.com/stories/reisebr/3952909205255986720,Story do Instagram,,Total,1892.0,1646.0,10.0,5.0,9.0,0.0,,1740.0,2.0
17949133824231571,17841412177671196,reisebr,R E I S E ®,,0.0,07/30/2026 13:34,https://www.instagram.com/stories/reisebr/3952910426981107234,Story do Instagram,,Total,1684.0,1358.0,5.0,0.0,1.0,0.0,,1587.0
18087386123403209,17841412177671196,reisebr,R E I S E ®,,0.0,07/30/2026 13:35,https://www.instagram.com/stories/reisebr/3952911034215714283,Story do Instagram,,Total,1589.0,1280.0,6.0,1.0,3.0,0.0,,1509.0
18112886764870125,17841412177671196,reisebr,R E I S E ®,,0.0,07/30/2026 13:45,https://www.instagram.com/stories/reisebr/3952915827122319485,Story do Instagram,,Total,1481.0,1253.0,5.0,3.0,9.0,1.0,23.0,1386.0
17891614860399206,17841412177671196,reisebr,R E I S E ®,,0.0,07/31/2026 12:12,https://www.instagram.com/stories/reisebr/3953594111149704250,Story do Instagram,,Total,2084.0,1800.0,12.0,0.0,16.0,0.0,,1886.0,1.0
18172250302438414,17841412177671196,reisebr,R E I S E ®,,0.0,07/31/2026 12:14,https://www.instagram.com/stories/reisebr/3953594949314152583,Story do Instagram,,Total,1824.0,1513.0,8.0,1.0,1.0,1.0,,1716.0
17999615330987660,17841412177671196,reisebr,R E I S E ®,,0.0,07/31/2026 12:15,https://www.instagram.com/stories/reisebr/3953595553872837454,Story do Instagram,,Total,1702.0,1423.0,8.0,1.0,7.0,0.0,,1616.0
18320231149302766,17841412177671196,reisebr,R E I S E ®,,0.0,07/31/2026 12:16,https://www.instagram.com/stories/reisebr/3953595881649129084,Story do Instagram,,Total,1533.0,1343.0,4.0,0.0,6.0,0.0,34.0,1467.0
18124097674739627,17841412177671196,reisebr,R E I S E ®,,0.0,2026-01-08 16:06:00,https://www.instagram.com/stories/reisebr/3954436535036142826,Story do Instagram,,Total,2403.0,2107.0,3.0,0.0,15.0,0.0,,2209.0
17898442554353641,17841412177671196,reisebr,R E I S E ®,,0.0,2026-01-08 16:06:00,https://www.instagram.com/stories/reisebr/3954436630229893730,Story do Instagram,,Total,2052.0,1753.0,10.0,5.0,8.0,0.0,,1909.0
18007323779947227,17841412177671196,reisebr,R E I S E ®,,0.0,2026-01-08 16:08:00,https://www.instagram.com/stories/reisebr/3954437368461044934,Story do Instagram,,Total,1895.0,1645.0,2.0,0.0,8.0,0.0,,1830.0
18109661756001225,17841412177671196,reisebr,R E I S E ®,,0.0,2026-01-08 16:09:00,https://www.instagram.com/stories/reisebr/3954437888076491690,Story do Instagram,,Total,1748.0,1565.0,3.0,1.0,10.0,1.0,21.0,1654.0
17910460851264423,17841412177671196,reisebr,R E I S E ®,,0.0,2026-03-08 13:44:00,https://www.instagram.com/stories/reisebr/3955814367892932279,Story do Instagram,,Total,1763.0,1565.0,3.0,0.0,9.0,1.0,,1613.0
18122940349693556,17841412177671196,reisebr,R E I S E ®,,0.0,2026-03-08 13:44:00,https://www.instagram.com/stories/reisebr/3955814620952248452,Story do Instagram,,Total,1382.0,1254.0,1.0,1.0,,0.0,,1326.0
18123755467763470,17841412177671196,reisebr,R E I S E ®,,0.0,2026-03-08 13:45:00,https://www.instagram.com/stories/reisebr/3955815015938155375,Story do Instagram,,Total,1342.0,1175.0,5.0,0.0,1.0,0.0,,1286.0
18097642433526483,17841412177671196,reisebr,R E I S E ®,,0.0,2026-03-08 13:45:00,https://www.instagram.com/stories/reisebr/3955815334654997642,Story do Instagram,,Total,1285.0,1111.0,1.0,0.0,2.0,0.0,,1237.0
18202920838365537,17841412177671196,reisebr,R E I S E ®,,0.0,2026-03-08 13:50:00,https://www.instagram.com/stories/reisebr/3955817751178012547,Story do Instagram,,Total,1274.0,1091.0,4.0,1.0,3.0,0.0,,1214.0
18130758250711540,17841412177671196,reisebr,R E I S E ®,,0.0,2026-03-08 13:50:00,https://www.instagram.com/stories/reisebr/3955817819226403195,Story do Instagram,,Total,1249.0,1043.0,3.0,0.0,5.0,0.0,,1190.0
18072323903391499,17841412177671196,reisebr,R E I S E ®,,0.0,2026-03-08 13:51:00,https://www.instagram.com/stories/reisebr/3955817900629462146,Story do Instagram,,Total,1135.0,1007.0,4.0,1.0,2.0,0.0,,1104.0
17958980115171060,17841412177671196,reisebr,R E I S E ®,,0.0,2026-03-08 13:54:00,https://www.instagram.com/stories/reisebr/3955819712484804683,Story do Instagram,,Total,1098.0,978.0,6.0,0.0,3.0,1.0,20.0,1037.0
17961800463170728,17841412177671196,reisebr,R E I S E ®,,0.0,2026-04-08 13:31:00,https://www.instagram.com/stories/reisebr/3956533012650715286,Story do Instagram,,Total,1819.0,1599.0,9.0,0.0,5.0,0.0,,1657.0,1.0
18132112639650671,17841412177671196,reisebr,R E I S E ®,,0.0,2026-04-08 13:32:00,https://www.instagram.com/stories/reisebr/3956533246348775930,Story do Instagram,,Total,1506.0,1303.0,5.0,0.0,3.0,0.0,,1427.0
18015303068926641,17841412177671196,reisebr,R E I S E ®,,0.0,2026-04-08 13:32:00,https://www.instagram.com/stories/reisebr/3956533312300027229,Story do Instagram,,Total,1409.0,1233.0,9.0,0.0,4.0,1.0,,1349.0
18016204619875244,17841412177671196,reisebr,R E I S E ®,,0.0,2026-04-08 13:37:00,https://www.instagram.com/stories/reisebr/3956535848654418951,Story do Instagram,,Total,1362.0,1177.0,7.0,0.0,3.0,0.0,38.0,1296.0
18065397659739398,17841412177671196,reisebr,R E I S E ®,,20.0,2026-05-08 04:09:00,https://www.instagram.com/stories/reisebr/3956974809627304697,Story do Instagram,,Total,2238.0,1837.0,8.0,0.0,9.0,0.0,,2055.0,1.0,97.0
18144730315550750,17841412177671196,reisebr,R E I S E ®,,18.0,2026-05-08 14:06:00,https://www.instagram.com/stories/reisebr/3957275377932008631,Story do Instagram,,Total,2122.0,1833.0,4.0,0.0,15.0,0.0,,1969.0
17981542140052186,17841412177671196,reisebr,R E I S E ®,,0.0,2026-06-08 13:57:00,https://www.instagram.com/stories/reisebr/3957995686571850707,Story do Instagram,,Total,2033.0,1612.0,6.0,0.0,15.0,0.0,,1866.0,1.0
17941855056068606,17841412177671196,reisebr,R E I S E ®,,0.0,2026-06-08 13:58:00,https://www.instagram.com/stories/reisebr/3957995947239418145,Story do Instagram,,Total,1841.0,1316.0,11.0,0.0,2.0,0.0,,1796.0
18340027855266018,17841412177671196,reisebr,R E I S E ®,,0.0,2026-06-08 13:58:00,https://www.instagram.com/stories/reisebr/3957996093260099253,Story do Instagram,,Total,1745.0,1249.0,9.0,1.0,2.0,0.0,,1700.0
18611630431015246,17841412177671196,reisebr,R E I S E ®,,0.0,2026-06-08 13:58:00,https://www.instagram.com/stories/reisebr/3957996171500527311,Story do Instagram,,Total,1648.0,1211.0,8.0,2.0,3.0,0.0,,1612.0
18108177649949291,17841412177671196,reisebr,R E I S E ®,,0.0,2026-06-08 13:59:00,https://www.instagram.com/stories/reisebr/3957996275393546031,Story do Instagram,,Total,1563.0,1184.0,10.0,1.0,3.0,1.0,,1537.0
18110556436983779,17841412177671196,reisebr,R E I S E ®,,0.0,2026-06-08 13:59:00,https://www.instagram.com/stories/reisebr/3957996684371766835,Story do Instagram,,Total,1481.0,1155.0,6.0,0.0,3.0,0.0,,1403.0
18102340148181955,17841412177671196,reisebr,R E I S E ®,,0.0,2026-06-08 14:01:00,https://www.instagram.com/stories/reisebr/3957997309021024959,Story do Instagram,,Total,1383.0,1091.0,5.0,0.0,7.0,0.0,,1347.0
17974486988914257,17841412177671196,reisebr,R E I S E ®,,0.0,2026-07-08 12:01:00,https://www.instagram.com/stories/reisebr/3958661738616318309,Story do Instagram,,Total,1829.0,1595.0,4.0,1.0,7.0,0.0,,1667.0
18044037383658455,17841412177671196,reisebr,R E I S E ®,,0.0,2026-07-08 12:01:00,https://www.instagram.com/stories/reisebr/3958661899006410924,Story do Instagram,,Total,1489.0,1275.0,7.0,0.0,6.0,0.0,,1417.0
18003101225966776,17841412177671196,reisebr,R E I S E ®,,0.0,2026-07-08 12:02:00,https://www.instagram.com/stories/reisebr/3958662259313868691,Story do Instagram,,Total,1396.0,1212.0,3.0,1.0,4.0,0.0,,1352.0
18053528762553554,17841412177671196,reisebr,R E I S E ®,,0.0,2026-07-08 12:02:00,https://www.instagram.com/stories/reisebr/3958662378197131374,Story do Instagram,,Total,1337.0,1134.0,5.0,1.0,9.0,0.0,,1279.0
18118055063507662,17841412177671196,reisebr,R E I S E ®,,0.0,2026-08-08 16:52:00,https://www.instagram.com/stories/reisebr/3959532949663453428,Story do Instagram,,Total,2467.0,2255.0,1.0,0.0,15.0,0.0,,2268.0
18118990466478988,17841412177671196,reisebr,R E I S E ®,,0.0,2026-08-08 16:52:00,https://www.instagram.com/stories/reisebr/3959533012225689178,Story do Instagram,,Total,2066.0,1860.0,1.0,2.0,12.0,1.0,,1954.0
17888621514607743,17841412177671196,reisebr,R E I S E ®,,0.0,2026-09-08 16:34:00,https://www.instagram.com/stories/reisebr/3960248661722594680,Story do Instagram,,Total,2152.0,1907.0,2.0,0.0,15.0,0.0,,1927.0
18108981146024373,17841412177671196,reisebr,R E I S E ®,,0.0,2026-09-08 16:34:00,https://www.instagram.com/stories/reisebr/3960248740969709845,Story do Instagram,,Total,1703.0,1530.0,4.0,0.0,13.0,1.0,,1589.0
17988446258844622,17841412177671196,reisebr,R E I S E ®,,0.0,2026-11-08 14:11:00,https://www.instagram.com/stories/reisebr/3961626377524122215,Story do Instagram,,Total,2112.0,1813.0,15.0,0.0,7.0,0.0,,1921.0,1.0
18007873463763626,17841412177671196,reisebr,R E I S E ®,,0.0,2026-11-08 14:11:00,https://www.instagram.com/stories/reisebr/3961626486030946385,Story do Instagram,,Total,1792.0,1483.0,9.0,0.0,9.0,3.0,,1688.0
18382578163207638,17841412177671196,reisebr,R E I S E ®,,6.0,2026-11-08 14:15:00,https://www.instagram.com/stories/reisebr/3961628560892451387,Story do Instagram,,Total,1658.0,1394.0,7.0,0.0,5.0,0.0,,1538.0
18124716058774434,17841412177671196,reisebr,R E I S E ®,,9.0,2026-11-08 14:16:00,https://www.instagram.com/stories/reisebr/3961629103979355163,Story do Instagram,,Total,1548.0,1314.0,8.0,0.0,18.0,1.0,26.0,1469.0
17960077814983211,17841412177671196,reisebr,R E I S E ®,,0.0,2026-12-08 13:53:00,https://www.instagram.com/stories/reisebr/3962342117265054595,Story do Instagram,,Total,1812.0,1626.0,13.0,2.0,13.0,0.0,,1664.0,1.0
17882894724478414,17841412177671196,reisebr,R E I S E ®,,0.0,2026-12-08 13:53:00,https://www.instagram.com/stories/reisebr/3962342178006875336,Story do Instagram,,Total,1562.0,1370.0,9.0,1.0,3.0,1.0,,1489.0
18094085822384424,17841412177671196,reisebr,R E I S E ®,,0.0,2026-12-08 13:54:00,https://www.instagram.com/stories/reisebr/3962342843584290723,Story do Instagram,,Total,1507.0,1290.0,9.0,0.0,6.0,0.0,,1437.0
18125960026744987,17841412177671196,reisebr,R E I S E ®,,0.0,2026-12-08 13:55:00,https://www.instagram.com/stories/reisebr/3962342928468464093,Story do Instagram,,Total,1455.0,1220.0,10.0,1.0,13.0,3.0,,1388.0
18010300883752215,17841412177671196,reisebr,R E I S E ®,,0.0,08/13/2026 13:50,https://www.instagram.com/stories/reisebr/3963065302407174345,Story do Instagram,,Total,2060.0,1784.0,14.0,0.0,11.0,1.0,,1854.0
18091826504644910,17841412177671196,reisebr,R E I S E ®,,0.0,08/13/2026 13:51,https://www.instagram.com/stories/reisebr/3963065967531514176,Story do Instagram,,Total,1828.0,1501.0,10.0,1.0,7.0,1.0,,1703.0
17995330787810819,17841412177671196,reisebr,R E I S E ®,,0.0,08/13/2026 13:53,https://www.instagram.com/stories/reisebr/3963066646438124111,Story do Instagram,,Total,1721.0,1358.0,10.0,0.0,5.0,0.0,37.0,1628.0
18111908104811809,17841412177671196,reisebr,R E I S E ®,,0.0,08/14/2026 12:54,https://www.instagram.com/stories/reisebr/3963761747611131866,Story do Instagram,,Total,2077.0,1796.0,12.0,3.0,10.0,2.0,,1873.0,1.0
17975606874087681,17841412177671196,reisebr,R E I S E ®,,0.0,08/14/2026 12:54,https://www.instagram.com/stories/reisebr/3963761820147527133,Story do Instagram,,Total,1786.0,1501.0,11.0,0.0,3.0,1.0,,1690.0
17981846679109651,17841412177671196,reisebr,R E I S E ®,,0.0,08/14/2026 12:54,https://www.instagram.com/stories/reisebr/3963761864707793932,Story do Instagram,,Total,1652.0,1420.0,5.0,0.0,4.0,1.0,,1596.0
17951651244239653,17841412177671196,reisebr,R E I S E ®,,0.0,08/14/2026 12:54,https://www.instagram.com/stories/reisebr/3963761955044845579,Story do Instagram,,Total,1564.0,1348.0,3.0,0.0,16.0,1.0,,1491.0,1.0
18117691174810120,17841412177671196,reisebr,R E I S E ®,,0.0,08/15/2026 16:31,https://www.instagram.com/stories/reisebr/3964595972488841775,Story do Instagram,,Total,2313.0,2056.0,2.0,1.0,14.0,1.0,,2130.0,1.0
18148036702547977,17841412177671196,reisebr,R E I S E ®,,0.0,08/15/2026 16:31,https://www.instagram.com/stories/reisebr/3964596041652936050,Story do Instagram,,Total,1987.0,1763.0,11.0,0.0,11.0,1.0,,1875.0
18109559204008954,17841412177671196,reisebr,R E I S E ®,,0.0,08/15/2026 16:33,https://www.instagram.com/stories/reisebr/3964596792483702854,Story do Instagram,,Total,1903.0,1646.0,7.0,1.0,4.0,1.0,19.0,1824.0
18109971464043461,17841412177671196,reisebr,R E I S E ®,,0.0,08/16/2026 15:16,https://www.instagram.com/stories/reisebr/3965283224743418843,Story do Instagram,,Total,1970.0,1668.0,5.0,0.0,21.0,1.0,,1811.0,2.0
18079903577322172,17841412177671196,reisebr,R E I S E ®,,0.0,08/16/2026 15:17,https://www.instagram.com/stories/reisebr/3965283358348846527,Story do Instagram,,Total,1660.0,1402.0,2.0,0.0,9.0,0.0,,1594.0
18441668098192795,17841412177671196,reisebr,R E I S E ®,,2.0,08/16/2026 15:17,https://www.instagram.com/stories/reisebr/3965283498394777772,Story do Instagram,,Total,1511.0,1307.0,2.0,0.0,3.0,0.0,,1357.0
18622399321053503,17841412177671196,reisebr,R E I S E ®,,0.0,08/16/2026 15:18,https://www.instagram.com/stories/reisebr/3965283858544782675,Story do Instagram,,Total,1453.0,1245.0,4.0,0.0,11.0,2.0,26.0,1382.0
18060058706733186,17841412177671196,reisebr,R E I S E ®,,0.0,2026-09-07 14:03:00,https://www.instagram.com/stories/reisebr/3937704568293534988,Story do Instagram,,Total,1985.0,1686.0,4.0,0.0,3.0,0.0,15.0,1911.0,1.0
18040019297656942,17841412177671196,reisebr,R E I S E ®,,0.0,2026-09-07 14:03:00,https://www.instagram.com/stories/reisebr/3937704661482072104,Story do Instagram,,Total,1857.0,1618.0,4.0,0.0,4.0,1.0,35.0,1756.0
18153277507493850,17841412177671196,reisebr,R E I S E ®,,0.0,2026-09-07 14:01:00,https://www.instagram.com/stories/reisebr/3937703979128267446,Story do Instagram,,Total,2145.0,1806.0,7.0,0.0,1.0,0.0,25.0,2025.0
18023137346895240,17841412177671196,reisebr,R E I S E ®,,0.0,2026-09-07 14:00:00,https://www.instagram.com/stories/reisebr/3937703441216939754,Story do Instagram,,Total,2486.0,2195.0,3.0,0.0,17.0,0.0,,2262.0,2.0
18089760338086894,17841412177671196,reisebr,R E I S E ®,,0.0,2026-08-07 14:01:00,https://www.instagram.com/stories/reisebr/3936978808670983704,Story do Instagram,,Total,3346.0,2933.0,4.0,1.0,26.0,1.0,31.0,3075.0
18111866828290499,17841412177671196,reisebr,R E I S E ®,,0.0,2026-07-07 14:07:00,https://www.instagram.com/stories/reisebr/3936257352891975497,Story do Instagram,,Total,1918.0,1512.0,4.0,0.0,6.0,1.0,,1829.0
18188110951390771,17841412177671196,reisebr,R E I S E ®,,0.0,2026-07-07 14:06:00,https://www.instagram.com/stories/reisebr/3936256822455198847,Story do Instagram,,Total,2137.0,1619.0,4.0,0.0,4.0,0.0,,2030.0
17899273050329595,17841412177671196,reisebr,R E I S E ®,,0.0,2026-07-07 14:05:00,https://www.instagram.com/stories/reisebr/3936256039093465858,Story do Instagram,,Total,2226.0,1702.0,6.0,1.0,6.0,1.0,,2079.0
18085301138407672,17841412177671196,reisebr,R E I S E ®,,0.0,2026-07-07 14:03:00,https://www.instagram.com/stories/reisebr/3936255279169434928,Story do Instagram,,Total,2363.0,1900.0,5.0,0.0,9.0,0.0,,2196.0
17986253228840677,17841412177671196,reisebr,R E I S E ®,,0.0,2026-07-07 04:45:00,https://www.instagram.com/stories/reisebr/3935974544610758429,Story do Instagram,,Total,2657.0,2063.0,4.0,1.0,10.0,0.0,,2421.0,1.0,14.0
17973811457905877,17841412177671196,reisebr,R E I S E ®,,0.0,2026-07-07 04:45:00,https://www.instagram.com/stories/reisebr/3935974453208775489,Story do Instagram,,Total,3129.0,2487.0,4.0,1.0,12.0,2.0,,2685.0,,20.0
18007266485930567,17841412177671196,reisebr,R E I S E ®,,0.0,2026-06-07 14:00:00,https://www.instagram.com/stories/reisebr/3935528950571043323,Story do Instagram,,Total,3035.0,2580.0,10.0,0.0,25.0,0.0,40.0,2713.0,3.0
18117841417836536,17841412177671196,reisebr,R E I S E ®,,0.0,2026-05-07 14:04:00,https://www.instagram.com/stories/reisebr/3934805944181579660,Story do Instagram,,Total,1474.0,1271.0,6.0,0.0,10.0,0.0,4.0,1416.0
18081425564222356,17841412177671196,reisebr,R E I S E ®,,0.0,2026-05-07 14:02:00,https://www.instagram.com/stories/reisebr/3934805388478987539,Story do Instagram,,Total,1601.0,1351.0,5.0,0.0,,0.0,8.0,1544.0
17969523572918477,17841412177671196,reisebr,R E I S E ®,,0.0,2026-05-07 14:01:00,https://www.instagram.com/stories/reisebr/3934804784146339362,Story do Instagram,,Total,1738.0,1416.0,6.0,0.0,3.0,1.0,11.0,1681.0
18357052414214632,17841412177671196,reisebr,R E I S E ®,,0.0,2026-05-07 14:00:00,https://www.instagram.com/stories/reisebr/3934804276694260540,Story do Instagram,,Total,1978.0,1619.0,9.0,0.0,2.0,0.0,22.0,1837.0
18028719767828996,17841412177671196,reisebr,R E I S E ®,in NYC.,20.0,2026-05-07 08:25:00,https://www.instagram.com/stories/reisebr/3934635448358300841,Story do Instagram,,Total,2585.0,2093.0,8.0,0.0,9.0,0.0,,2450.0,,56.0
17971232244080348,17841412177671196,reisebr,R E I S E ®,,22.0,2026-05-07 08:16:00,https://www.instagram.com/stories/reisebr/3934630965863660306,Story do Instagram,,Total,3136.0,2630.0,9.0,0.0,15.0,1.0,,2731.0,1.0
18098332196465439,17841412177671196,reisebr,R E I S E ®,,23.0,2026-03-07 08:02:00,https://www.instagram.com/stories/reisebr/3933174663509833689,Story do Instagram,,Total,1914.0,1643.0,7.0,0.0,20.0,0.0,,1853.0
18005467079946035,17841412177671196,reisebr,R E I S E ®,,0.0,2026-03-07 08:02:00,https://www.instagram.com/stories/reisebr/3933174538850025908,Story do Instagram,,Total,2031.0,1746.0,6.0,3.0,4.0,0.0,,1941.0
18357432130209599,17841412177671196,reisebr,R E I S E ®,,0.0,2026-03-07 08:02:00,https://www.instagram.com/stories/reisebr/3933174248956755915,Story do Instagram,,Total,2110.0,1820.0,2.0,0.0,3.0,0.0,,2019.0
18062078615749774,17841412177671196,reisebr,R E I S E ®,,0.0,2026-03-07 08:00:00,https://www.instagram.com/stories/reisebr/3933173505113656382,Story do Instagram,,Total,2405.0,2003.0,5.0,0.0,8.0,1.0,,2301.0
18027597057401089,17841412177671196,reisebr,R E I S E ®,,0.0,2026-03-07 07:32:00,https://www.instagram.com/stories/reisebr/3933159307008657189,Story do Instagram,,Total,3206.0,2556.0,14.0,1.0,28.0,0.0,,2848.0,2.0,35.0
18172904674423220,17841412177671196,reisebr,R E I S E ®,,0.0,2026-01-07 14:05:00,https://www.instagram.com/stories/reisebr/3931907438064258599,Story do Instagram,,Total,1428.0,1203.0,3.0,1.0,10.0,0.0,13.0,1378.0
17941519335253017,17841412177671196,reisebr,R E I S E ®,,0.0,2026-01-07 14:03:00,https://www.instagram.com/stories/reisebr/3931906706779498692,Story do Instagram,,Total,1563.0,1262.0,4.0,1.0,1.0,0.0,8.0,1529.0
18343561855218177,17841412177671196,reisebr,R E I S E ®,,0.0,2026-01-07 14:02:00,https://www.instagram.com/stories/reisebr/3931906146076259591,Story do Instagram,,Total,1717.0,1312.0,4.0,1.0,2.0,0.0,12.0,1676.0
18116286799893839,17841412177671196,reisebr,R E I S E ®,,0.0,2026-01-07 14:01:00,https://www.instagram.com/stories/reisebr/3931905574628038766,Story do Instagram,,Total,1820.0,1398.0,8.0,1.0,,0.0,23.0,1742.0
17977062117047867,17841412177671196,reisebr,R E I S E ®,,0.0,2026-01-07 14:00:00,https://www.instagram.com/stories/reisebr/3931904994420767153,Story do Instagram,,Total,2001.0,1673.0,3.0,0.0,11.0,0.0,,1835.0
18107660554797829,17841412177671196,reisebr,R E I S E ®,,0.0,06/30/2026 14:01,https://www.instagram.com/stories/reisebr/3931180591151751499,Story do Instagram,,Total,2225.0,1941.0,3.0,2.0,19.0,0.0,18.0,2058.0
17916711429401927,17841412177671196,reisebr,R E I S E ®,,22.0,06/29/2026 08:08,https://www.instagram.com/stories/reisebr/3930278331753047378,Story do Instagram,,Total,1185.0,1049.0,4.0,1.0,9.0,1.0,12.0,1145.0
18117202690891709,17841412177671196,reisebr,R E I S E ®,,0.0,06/29/2026 08:03,https://www.instagram.com/stories/reisebr/3930275901551066940,Story do Instagram,,Total,1206.0,1089.0,4.0,2.0,2.0,0.0,,1144.0
17902300395454867,17841412177671196,reisebr,R E I S E ®,,0.0,06/29/2026 08:03,https://www.instagram.com/stories/reisebr/3930275735079152484,Story do Instagram,,Total,1263.0,1157.0,4.0,0.0,2.0,0.0,,1204.0
17875145532616808,17841412177671196,reisebr,R E I S E ®,,0.0,06/29/2026 08:02,https://www.instagram.com/stories/reisebr/3930275185692386761,Story do Instagram,,Total,1515.0,1368.0,4.0,1.0,10.0,0.0,,1413.0
18125844649567808,17841412177671196,reisebr,R E I S E ®,,46.0,06/28/2026 14:57,https://www.instagram.com/stories/reisebr/3929759562097835045,Story do Instagram,,Total,1680.0,1448.0,7.0,1.0,11.0,1.0,,1621.0,1.0
18606551812040677,17841412177671196,reisebr,R E I S E ®,,0.0,06/28/2026 14:57,https://www.instagram.com/stories/reisebr/3929759285560881055,Story do Instagram,,Total,1689.0,1537.0,2.0,0.0,1.0,0.0,,1625.0
18070552646344974,17841412177671196,reisebr,R E I S E ®,,0.0,06/28/2026 14:56,https://www.instagram.com/stories/reisebr/3929758971684329000,Story do Instagram,,Total,1801.0,1648.0,2.0,0.0,5.0,0.0,,1737.0
18014563430910575,17841412177671196,reisebr,R E I S E ®,,0.0,06/28/2026 14:56,https://www.instagram.com/stories/reisebr/3929758851735692999,Story do Instagram,,Total,2221.0,2022.0,4.0,0.0,19.0,1.0,,2050.0
1.80155314318554e+16,17841412177671196,reisebr,R E I S E ®,,23.0,06/26/2026 08:07,https://www.instagram.com/stories/reisebr/3928103602921287809,Story do Instagram,,Total,1670.0,1398.0,6.0,0.0,6.0,1.0,30.0,1604.0
18088448501629370,17841412177671196,reisebr,R E I S E ®,,0.0,06/26/2026 08:03,https://www.instagram.com/stories/reisebr/3928101648412143371,Story do Instagram,,Total,1817.0,1505.0,6.0,1.0,4.0,0.0,,1668.0,1.0
18036668015630867,17841412177671196,reisebr,R E I S E ®,,0.0,06/26/2026 08:02,https://www.instagram.com/stories/reisebr/3928101201760666664,Story do Instagram,,Total,1912.0,1565.0,5.0,1.0,5.0,0.0,,1767.0
18146184898518986,17841412177671196,reisebr,R E I S E ®,,0.0,06/26/2026 08:01,https://www.instagram.com/stories/reisebr/3928100529531063558,Story do Instagram,,Total,2298.0,1915.0,5.0,1.0,11.0,0.0,,2043.0,1.0
18112195789900049,17841412177671196,reisebr,R E I S E ®,,0.0,06/25/2026 08:05,https://www.instagram.com/stories/reisebr/3927377627605258174,Story do Instagram,,Total,1931.0,1507.0,11.0,2.0,10.0,0.0,30.0,1662.0
18103611062472870,17841412177671196,reisebr,R E I S E ®,,0.0,06/25/2026 08:03,https://www.instagram.com/stories/reisebr/3927376961264468010,Story do Instagram,,Total,2166.0,1575.0,8.0,2.0,2.0,1.0,17.0,1912.0
18112446151926444,17841412177671196,reisebr,R E I S E ®,,0.0,06/25/2026 08:03,https://www.instagram.com/stories/reisebr/3927376598297752832,Story do Instagram,,Total,2390.0,1617.0,10.0,3.0,3.0,1.0,24.0,2108.0
18089141648382812,17841412177671196,reisebr,R E I S E ®,,0.0,06/25/2026 08:02,https://www.instagram.com/stories/reisebr/3927376289328690570,Story do Instagram,,Total,2411.0,1702.0,16.0,6.0,2.0,1.0,31.0,2072.0
17912610378224656,17841412177671196,reisebr,R E I S E ®,,0.0,06/25/2026 08:00,https://www.instagram.com/stories/reisebr/3927375170573564460,Story do Instagram,,Total,2230.0,1850.0,11.0,0.0,12.0,0.0,,2083.0
18326056549256361,17841412177671196,reisebr,R E I S E ®,,0.0,06/24/2026 14:00,https://www.instagram.com/stories/reisebr/3926831574295081486,Story do Instagram,,Total,1541.0,1282.0,7.0,1.0,13.0,0.0,30.0,1432.0
17971358490073591,17841412177671196,reisebr,R E I S E ®,,0.0,06/24/2026 13:59,https://www.instagram.com/stories/reisebr/3926831148212565060,Story do Instagram,,Total,1538.0,1339.0,4.0,0.0,1.0,0.0,,1488.0
17906549673439508,17841412177671196,reisebr,R E I S E ®,,0.0,06/24/2026 13:59,https://www.instagram.com/stories/reisebr/3926831114960064528,Story do Instagram,,Total,1638.0,1388.0,8.0,0.0,2.0,0.0,,1569.0
18101717537144083,17841412177671196,reisebr,R E I S E ®,,0.0,06/24/2026 13:59,https://www.instagram.com/stories/reisebr/3926831073671265037,Story do Instagram,,Total,1783.0,1476.0,4.0,0.0,5.0,1.0,,1672.0
18108441736950613,17841412177671196,reisebr,R E I S E ®,,0.0,06/24/2026 13:59,https://www.instagram.com/stories/reisebr/3926830932641977923,Story do Instagram,,Total,2076.0,1768.0,6.0,0.0,12.0,0.0,,1895.0
18364918894229463,17841412177671196,reisebr,R E I S E ®,,16.0,06/23/2026 14:02,https://www.instagram.com/stories/reisebr/3926107666170585688,Story do Instagram,,Total,1907.0,1643.0,4.0,1.0,15.0,1.0,42.0,1763.0
18054349712762091,17841412177671196,reisebr,R E I S E ®,,14.0,06/23/2026 14:00,https://www.instagram.com/stories/reisebr/3926106968339075386,Story do Instagram,,Total,2291.0,2037.0,2.0,0.0,13.0,0.0,,2076.0
17865301605587483,17841412177671196,reisebr,R E I S E ®,,0.0,06/22/2026 14:03,https://www.instagram.com/stories/reisebr/3925383770010315127,Story do Instagram,,Total,1517.0,1412.0,1.0,0.0,15.0,0.0,,1458.0
17866780047629703,17841412177671196,reisebr,R E I S E ®,,0.0,06/22/2026 14:02,https://www.instagram.com/stories/reisebr/3925383085591919630,Story do Instagram,,Total,1542.0,1460.0,3.0,0.0,3.0,0.0,,1496.0
18097290644230252,17841412177671196,reisebr,R E I S E ®,,0.0,06/22/2026 14:01,https://www.instagram.com/stories/reisebr/3925382402180730457,Story do Instagram,,Total,1642.0,1541.0,1.0,0.0,2.0,0.0,,1594.0
18063010337713610,17841412177671196,reisebr,R E I S E ®,,0.0,06/22/2026 14:01,https://www.instagram.com/stories/reisebr/3925382336087299339,Story do Instagram,,Total,2086.0,1902.0,1.0,0.0,15.0,0.0,,1919.0
18117045493725716,17841412177671196,reisebr,R E I S E ®,,0.0,06/21/2026 12:03,https://www.instagram.com/stories/reisebr/3924598646439506849,Story do Instagram,,Total,1773.0,1606.0,1.0,0.0,16.0,1.0,,1690.0
18332238622250896,17841412177671196,reisebr,R E I S E ®,,0.0,06/21/2026 12:02,https://www.instagram.com/stories/reisebr/3924598004467695931,Story do Instagram,,Total,1844.0,1691.0,1.0,0.0,3.0,0.0,,1769.0
18115361431896455,17841412177671196,reisebr,R E I S E ®,,0.0,06/21/2026 12:01,https://www.instagram.com/stories/reisebr/3924597310428719169,Story do Instagram,,Total,2013.0,1815.0,0.0,0.0,3.0,0.0,,1920.0
18105345842100919,17841412177671196,reisebr,R E I S E ®,,0.0,06/21/2026 12:00,https://www.instagram.com/stories/reisebr/3924597142077823047,Story do Instagram,,Total,2602.0,2282.0,1.0,0.0,21.0,0.0,,2371.0
17936595558266742,17841412177671196,reisebr,R E I S E ®,,0.0,06/20/2026 12:04,https://www.instagram.com/stories/reisebr/3923874161341637474,Story do Instagram,,Total,1492.0,1376.0,0.0,1.0,8.0,0.0,,1445.0
18394580266088469,17841412177671196,reisebr,R E I S E ®,,0.0,06/20/2026 12:03,https://www.instagram.com/stories/reisebr/3923873462402313680,Story do Instagram,,Total,1543.0,1436.0,4.0,0.0,1.0,0.0,,1497.0
18117167992885604,17841412177671196,reisebr,R E I S E ®,,0.0,06/20/2026 12:02,https://www.instagram.com/stories/reisebr/3923873273432065070,Story do Instagram,,Total,1626.0,1503.0,0.0,0.0,2.0,0.0,,1586.0
18008352152738754,17841412177671196,reisebr,R E I S E ®,,0.0,06/20/2026 12:01,https://www.instagram.com/stories/reisebr/3923872862952033425,Story do Instagram,,Total,1745.0,1608.0,3.0,0.0,2.0,0.0,,1681.0
17860341012644302,17841412177671196,reisebr,R E I S E ®,,0.0,06/20/2026 12:00,https://www.instagram.com/stories/reisebr/3923872114679787413,Story do Instagram,,Total,2236.0,1980.0,5.0,0.0,15.0,0.0,,2063.0,1.0
18070245869361189,17841412177671196,reisebr,R E I S E ®,,0.0,06/19/2026 12:03,https://www.instagram.com/stories/reisebr/3923148818909144160,Story do Instagram,,Total,1270.0,1164.0,3.0,0.0,6.0,0.0,,1218.0,1.0
1.80837677184077e+16,17841412177671196,reisebr,R E I S E ®,,0.0,06/19/2026 12:02,https://www.instagram.com/stories/reisebr/3923148452367889283,Story do Instagram,,Total,1326.0,1218.0,3.0,1.0,1.0,0.0,,1265.0
18595268035038596,17841412177671196,reisebr,R E I S E ®,,0.0,06/19/2026 12:01,https://www.instagram.com/stories/reisebr/3923147748438818172,Story do Instagram,,Total,1621.0,1436.0,4.0,1.0,4.0,0.0,,1377.0
17894826993496952,17841412177671196,reisebr,R E I S E ®,,0.0,06/19/2026 12:00,https://www.instagram.com/stories/reisebr/3923147463552738019,Story do Instagram,,Total,1824.0,1632.0,3.0,0.0,20.0,0.0,,1683.0
18080073428404085,17841412177671196,reisebr,R E I S E ®,,10.0,06/18/2026 14:15,https://www.instagram.com/stories/reisebr/3922490481976679132,Story do Instagram,,Total,1770.0,1558.0,2.0,0.0,16.0,1.0,,1632.0
18103734062098338,17841412177671196,reisebr,R E I S E ®,,0.0,06/18/2026 13:32,https://www.instagram.com/stories/reisebr/3922469010415546361,Story do Instagram,,Total,2195.0,1964.0,4.0,0.0,13.0,0.0,14.0,2000.0
18270870631295517,17841412177671196,reisebr,R E I S E ®,,60.0,06/17/2026 13:44,https://www.instagram.com/stories/reisebr/3921750088007385734,Story do Instagram,,Total,1185.0,1074.0,2.0,0.0,4.0,0.0,6.0,1152.0,1.0
18012516209889145,17841412177671196,reisebr,R E I S E ®,,32.0,06/17/2026 13:41,https://www.instagram.com/stories/reisebr/3921748648874543680,Story do Instagram,,Total,1841.0,1608.0,3.0,1.0,6.0,0.0,,1195.0
17967897791925170,17841412177671196,reisebr,R E I S E ®,,8.0,06/17/2026 13:40,https://www.instagram.com/stories/reisebr/3921748183021649829,Story do Instagram,,Total,1304.0,1189.0,2.0,0.0,,0.0,,1261.0
18404207419154018,17841412177671196,reisebr,R E I S E ®,,17.0,06/17/2026 13:38,https://www.instagram.com/stories/reisebr/3921747294458303650,Story do Instagram,,Total,2049.0,1794.0,2.0,1.0,1.0,0.0,,1361.0
18395651158080660,17841412177671196,reisebr,R E I S E ®,,6.0,06/17/2026 13:38,https://www.instagram.com/stories/reisebr/3921746941599886095,Story do Instagram,,Total,1836.0,1612.0,4.0,0.0,3.0,1.0,,1654.0
17943312147237016,17841412177671196,reisebr,R E I S E ®,,0.0,06/16/2026 11:02,https://www.instagram.com/stories/reisebr/3920943735966155554,Story do Instagram,,Total,2509.0,2135.0,7.0,2.0,20.0,1.0,,2379.0,,20.0
18457795402116525,17841412177671196,reisebr,R E I S E ®,,0.0,06/16/2026 11:01,https://www.instagram.com/stories/reisebr/3920943547809710074,Story do Instagram,,Total,2669.0,2310.0,5.0,6.0,6.0,1.0,,2346.0,,8.0
18140247139559352,17841412177671196,reisebr,R E I S E ®,,0.0,06/16/2026 11:00,https://www.instagram.com/stories/reisebr/3920942875370469671,Story do Instagram,,Total,3298.0,2778.0,12.0,5.0,25.0,1.0,,3006.0,,102.0
18030862964816672,17841412177671196,reisebr,R E I S E ®,,0.0,06/14/2026 14:58,https://www.instagram.com/stories/reisebr/3919612838639064051,Story do Instagram,,Total,2240.0,1928.0,1.0,0.0,6.0,2.0,39.0,2132.0,1.0
18343186528172723,17841412177671196,reisebr,R E I S E ®,,0.0,06/14/2026 14:57,https://www.instagram.com/stories/reisebr/3919612555465023023,Story do Instagram,,Total,2341.0,2036.0,5.0,0.0,8.0,1.0,36.0,2232.0
18202041085357413,17841412177671196,reisebr,R E I S E ®,,0.0,06/14/2026 14:56,https://www.instagram.com/stories/reisebr/3919612290284152820,Story do Instagram,,Total,2517.0,2164.0,2.0,1.0,5.0,1.0,38.0,2382.0
18184459960391818,17841412177671196,reisebr,R E I S E ®,,0.0,06/14/2026 14:56,https://www.instagram.com/stories/reisebr/3919611821847557528,Story do Instagram,,Total,2995.0,2623.0,3.0,0.0,10.0,2.0,,2764.0
18081438266196406,17841412177671196,reisebr,R E I S E ®,,17.0,06/13/2026 12:01,https://www.instagram.com/stories/reisebr/3918799154885472237,Story do Instagram,,Total,2652.0,2341.0,5.0,0.0,20.0,1.0,,2414.0,1.0
18083991500151709,17841412177671196,reisebr,R E I S E ®,,20.0,2026-12-06 12:04:00,https://www.instagram.com/stories/reisebr/3918075862797625933,Story do Instagram,,Total,1250.0,1091.0,5.0,1.0,5.0,0.0,,1200.0
17903260554443763,17841412177671196,reisebr,R E I S E ®,,23.0,2026-12-06 12:03:00,https://www.instagram.com/stories/reisebr/3918075317428677495,Story do Instagram,,Total,1317.0,1166.0,6.0,0.0,7.0,0.0,,1254.0
17947739877012229,17841412177671196,reisebr,R E I S E ®,,26.0,2026-12-06 12:03:00,https://www.instagram.com/stories/reisebr/3918075181331775624,Story do Instagram,,Total,1423.0,1245.0,5.0,0.0,,0.0,,1353.0
17883088524597504,17841412177671196,reisebr,R E I S E ®,,9.0,2026-12-06 12:00:00,https://www.instagram.com/stories/reisebr/3918074036689652602,Story do Instagram,,Total,1958.0,1639.0,6.0,1.0,6.0,1.0,,1578.0
17912350260408633,17841412177671196,reisebr,R E I S E ®,,0.0,2026-11-06 13:31:00,https://www.instagram.com/stories/reisebr/3917394892336620902,Story do Instagram,,Total,1512.0,1247.0,4.0,1.0,10.0,0.0,,1449.0
18105889804792527,17841412177671196,reisebr,R E I S E ®,,0.0,2026-11-06 13:30:00,https://www.instagram.com/stories/reisebr/3917394328689235024,Story do Instagram,,Total,1613.0,1323.0,4.0,0.0,2.0,0.0,,1526.0
18103532084121589,17841412177671196,reisebr,R E I S E ®,,0.0,2026-11-06 13:28:00,https://www.instagram.com/stories/reisebr/3917393601883502256,Story do Instagram,,Total,1703.0,1366.0,5.0,0.0,,0.0,,1625.0
18181439068392130,17841412177671196,reisebr,R E I S E ®,,0.0,2026-11-06 13:25:00,https://www.instagram.com/stories/reisebr/3917392044588769817,Story do Instagram,,Total,1745.0,1444.0,8.0,1.0,2.0,1.0,,1632.0
18094858253189036,17841412177671196,reisebr,R E I S E ®,,0.0,2026-11-06 13:23:00,https://www.instagram.com/stories/reisebr/3917390838382325364,Story do Instagram,,Total,1994.0,1716.0,5.0,0.0,10.0,0.0,,1839.0,1.0
18088074203614421,17841412177671196,reisebr,R E I S E ®,,17.0,2026-10-06 13:54:00,https://www.instagram.com/stories/reisebr/3916681978883709867,Story do Instagram,,Total,1461.0,1240.0,2.0,0.0,10.0,0.0,19.0,1400.0,1.0
18056011307569814,17841412177671196,reisebr,R E I S E ®,,0.0,2026-10-06 13:54:00,https://www.instagram.com/stories/reisebr/3916681602480361129,Story do Instagram,,Total,1516.0,1309.0,2.0,0.0,5.0,0.0,,1468.0
18128376253623890,17841412177671196,reisebr,R E I S E ®,,26.0,2026-10-06 13:51:00,https://www.instagram.com/stories/reisebr/3916680286574303122,Story do Instagram,,Total,1613.0,1370.0,2.0,1.0,5.0,1.0,9.0,1552.0
18087607367629790,17841412177671196,reisebr,R E I S E ®,,0.0,2026-10-06 13:50:00,https://www.instagram.com/stories/reisebr/3916679759410944045,Story do Instagram,,Total,1782.0,1518.0,4.0,1.0,8.0,1.0,,1669.0,1.0
18097870571268993,17841412177671196,reisebr,R E I S E ®,,0.0,2026-10-06 06:20:00,https://www.instagram.com/stories/reisebr/3916453103736981064,Story do Instagram,,Total,1636.0,1355.0,4.0,0.0,1.0,0.0,,1555.0,,16.0
18017444624851286,17841412177671196,reisebr,R E I S E ®,,0.0,2026-10-06 06:19:00,https://www.instagram.com/stories/reisebr/3916452854382904227,Story do Instagram,,Total,1763.0,1450.0,7.0,0.0,1.0,2.0,,1662.0,,56.0
18179293984401340,17841412177671196,reisebr,R E I S E ®,,0.0,2026-10-06 06:18:00,https://www.instagram.com/stories/reisebr/3916452222829749541,Story do Instagram,,Total,2112.0,1721.0,8.0,0.0,5.0,1.0,,1907.0,,41.0
18099841928148497,17841412177671196,reisebr,R E I S E ®,,0.0,2026-09-06 14:03:00,https://www.instagram.com/stories/reisebr/3915961665355460898,Story do Instagram,,Total,1763.0,1374.0,5.0,0.0,6.0,1.0,28.0,1674.0
18208396279340773,17841412177671196,reisebr,R E I S E ®,,0.0,2026-09-06 14:03:00,https://www.instagram.com/stories/reisebr/3915961268615311995,Story do Instagram,,Total,1908.0,1466.0,3.0,0.0,2.0,0.0,12.0,1826.0
17942269443210108,17841412177671196,reisebr,R E I S E ®,,0.0,2026-09-06 14:02:00,https://www.instagram.com/stories/reisebr/3915960813961951122,Story do Instagram,,Total,2036.0,1573.0,4.0,4.0,4.0,0.0,62.0,1884.0
17947159815016771,17841412177671196,reisebr,R E I S E ®,,0.0,2026-09-06 14:00:00,https://www.instagram.com/stories/reisebr/3915960109452914571,Story do Instagram,,Total,2268.0,1923.0,2.0,0.0,19.0,0.0,,2073.0,1.0
18066348410418913,17841412177671196,reisebr,R E I S E ®,,0.0,2026-08-06 12:51:00,https://www.instagram.com/stories/reisebr/3915200313860488738,Story do Instagram,,Total,1407.0,1209.0,0.0,0.0,19.0,0.0,,1329.0
17971277912897815,17841412177671196,reisebr,R E I S E ®,,17.0,2026-08-06 12:51:00,https://www.instagram.com/stories/reisebr/3915200155087356426,Story do Instagram,,Total,1520.0,1247.0,1.0,0.0,2.0,0.0,,1471.0
18084048587410487,17841412177671196,reisebr,R E I S E ®,,0.0,2026-08-06 12:50:00,https://www.instagram.com/stories/reisebr/3915199941934706875,Story do Instagram,,Total,1542.0,1277.0,1.0,0.0,,1.0,,1470.0
18077311094257223,17841412177671196,reisebr,R E I S E ®,,15.0,2026-08-06 12:49:00,https://www.instagram.com/stories/reisebr/3915199557382276996,Story do Instagram,,Total,1496.0,1314.0,2.0,0.0,2.0,0.0,,1446.0
1.80898736783682e+16,17841412177671196,reisebr,R E I S E ®,,12.0,2026-08-06 12:49:00,https://www.instagram.com/stories/reisebr/3915199366382070222,Story do Instagram,,Total,1670.0,1466.0,5.0,0.0,4.0,1.0,,1578.0
18103802387068865,17841412177671196,reisebr,R E I S E ®,,0.0,2026-08-06 07:07:00,https://www.instagram.com/stories/reisebr/3915027222175076028,Story do Instagram,,Total,1638.0,1386.0,5.0,0.0,4.0,0.0,8.0,1574.0
17922455787359814,17841412177671196,reisebr,R E I S E ®,,0.0,2026-08-06 07:06:00,https://www.instagram.com/stories/reisebr/3915026850475836074,Story do Instagram,,Total,1790.0,1458.0,8.0,0.0,3.0,0.0,20.0,1706.0
18024672824827857,17841412177671196,reisebr,R E I S E ®,,0.0,2026-08-06 07:05:00,https://www.instagram.com/stories/reisebr/3915026454374103187,Story do Instagram,,Total,1964.0,1547.0,9.0,0.0,2.0,0.0,29.0,1862.0
18331644529267151,17841412177671196,reisebr,R E I S E ®,,0.0,2026-08-06 07:04:00,https://www.instagram.com/stories/reisebr/3915025980635975710,Story do Instagram,,Total,2355.0,1923.0,12.0,0.0,6.0,0.0,26.0,2105.0
18052596812770694,17841412177671196,reisebr,R E I S E ®,,8.0,2026-07-06 14:47:00,https://www.instagram.com/stories/reisebr/3914533918921558395,Story do Instagram,,Total,1834.0,1595.0,5.0,0.0,20.0,0.0,,1749.0
18102761111042608,17841412177671196,reisebr,R E I S E ®,,20.0,2026-07-06 14:46:00,https://www.instagram.com/stories/reisebr/3914533718198925490,Story do Instagram,,Total,1963.0,1742.0,8.0,0.0,7.0,0.0,,1875.0
17939162361053666,17841412177671196,reisebr,R E I S E ®,,13.0,2026-07-06 14:46:00,https://www.instagram.com/stories/reisebr/3914533535562155078,Story do Instagram,,Total,2458.0,2115.0,6.0,0.0,23.0,0.0,,2242.0,2.0
18123938905648625,17841412177671196,reisebr,R E I S E ®,,0.0,2026-05-06 09:16:00,https://www.instagram.com/stories/reisebr/3912917734886325423,Story do Instagram,,Total,1506.0,1322.0,6.0,0.0,6.0,0.0,9.0,1453.0
18236528491308611,17841412177671196,reisebr,R E I S E ®,,0.0,2026-05-06 09:15:00,https://www.instagram.com/stories/reisebr/3912917490828205264,Story do Instagram,,Total,1631.0,1402.0,6.0,0.0,2.0,0.0,19.0,1574.0
18134522173602454,17841412177671196,reisebr,R E I S E ®,,0.0,2026-05-06 09:15:00,https://www.instagram.com/stories/reisebr/3912917260309127924,Story do Instagram,,Total,1757.0,1514.0,7.0,0.0,7.0,0.0,44.0,1667.0
17940504669228401,17841412177671196,reisebr,R E I S E ®,,0.0,2026-05-06 09:14:00,https://www.instagram.com/stories/reisebr/3912916977009137291,Story do Instagram,,Total,2101.0,1872.0,6.0,0.0,7.0,0.0,,1934.0,1.0
18060047606709005,17841412177671196,reisebr,R E I S E ®,,0.0,2026-03-06 14:04:00,https://www.instagram.com/stories/reisebr/3911613532538006492,Story do Instagram,,Total,1393.0,1253.0,2.0,1.0,10.0,1.0,5.0,1337.0
18115430749868170,17841412177671196,reisebr,R E I S E ®,,0.0,2026-03-06 14:03:00,https://www.instagram.com/stories/reisebr/3911613010867434633,Story do Instagram,,Total,1473.0,1326.0,3.0,0.0,3.0,0.0,,1430.0
18107743465864968,17841412177671196,reisebr,R E I S E ®,,0.0,2026-03-06 14:03:00,https://www.instagram.com/stories/reisebr/3911612638018969240,Story do Instagram,,Total,1554.0,1376.0,2.0,0.0,2.0,0.0,,1508.0
18049628756782526,17841412177671196,reisebr,R E I S E ®,,0.0,2026-03-06 14:01:00,https://www.instagram.com/stories/reisebr/3911611761266984706,Story do Instagram,,Total,1648.0,1483.0,4.0,0.0,1.0,0.0,,1582.0
17967087999116634,17841412177671196,reisebr,R E I S E ®,,0.0,2026-03-06 14:00:00,https://www.instagram.com/stories/reisebr/3911611391337487915,Story do Instagram,,Total,2069.0,1855.0,4.0,0.0,10.0,0.0,,1902.0
18082757624444907,17841412177671196,reisebr,R E I S E ®,,0.0,2026-02-06 13:52:00,https://www.instagram.com/stories/reisebr/3910882364496490855,Story do Instagram,,Total,1768.0,1476.0,4.0,0.0,25.0,0.0,20.0,1656.0
18077829122247140,17841412177671196,reisebr,R E I S E ®,,0.0,2026-02-06 13:50:00,https://www.instagram.com/stories/reisebr/3910881576780859331,Story do Instagram,,Total,1934.0,1575.0,4.0,1.0,5.0,0.0,21.0,1847.0
18093690326264605,17841412177671196,reisebr,R E I S E ®,,0.0,2026-02-06 13:49:00,https://www.instagram.com/stories/reisebr/3910880829532073627,Story do Instagram,,Total,2035.0,1657.0,5.0,2.0,2.0,0.0,22.0,1931.0
18012319745907495,17841412177671196,reisebr,R E I S E ®,,0.0,2026-02-06 13:47:00,https://www.instagram.com/stories/reisebr/3910880107281396381,Story do Instagram,,Total,2184.0,1782.0,5.0,0.0,4.0,0.0,,2068.0
18103264522766312,17841412177671196,reisebr,R E I S E ®,,0.0,04/29/2026 09:15,https://www.instagram.com/stories/reisebr/3886100832676878641,Story do Instagram,,Total,1755.0,1485.0,11.0,1.0,,0.0,,1610.0,,31.0,4.0
18587782906012853,17841412177671196,reisebr,R E I S E ®,,0.0,2026-02-06 09:58:00,https://www.instagram.com/stories/reisebr/3910764662065553250,Story do Instagram,,Total,2423.0,1920.0,7.0,3.0,,4.0,,2219.0,,54.0,19.0
18103092539099716,17841412177671196,reisebr,R E I S E ®,,0.0,2026-02-06 09:58:00,https://www.instagram.com/stories/reisebr/3910764627579980661,Story do Instagram,,Total,2714.0,2279.0,5.0,0.0,,0.0,,2369.0,,37.0,16.0
17883698604581017,17841412177671196,reisebr,R E I S E ®,,0.0,05/29/2026 09:34,https://www.instagram.com/stories/reisebr/3907853394680415066,Story do Instagram,,Total,1049.0,951.0,5.0,0.0,,0.0,,1004.0,,,4.0
18426275752124163,17841412177671196,reisebr,R E I S E ®,,0.0,05/29/2026 09:34,https://www.instagram.com/stories/reisebr/3907853352703833924,Story do Instagram,,Total,1082.0,990.0,4.0,0.0,,0.0,,1047.0
17927023032323392,17841412177671196,reisebr,R E I S E ®,,0.0,05/29/2026 09:33,https://www.instagram.com/stories/reisebr/3907853025405357213,Story do Instagram,,Total,1121.0,1024.0,5.0,0.0,,0.0,,1083.0,,,5.0
18101594444515272,17841412177671196,reisebr,R E I S E ®,,0.0,05/29/2026 09:33,https://www.instagram.com/stories/reisebr/3907852962314625621,Story do Instagram,,Total,1179.0,1081.0,5.0,0.0,,0.0,,1133.0,,,2.0
18004003907747866,17841412177671196,reisebr,R E I S E ®,,0.0,05/29/2026 08:17,https://www.instagram.com/stories/reisebr/3907814866550377889,Story do Instagram,,Total,1292.0,1186.0,3.0,0.0,,0.0,,1236.0,,,3.0
18094130441193129,17841412177671196,reisebr,R E I S E ®,,0.0,05/29/2026 04:50,https://www.instagram.com/stories/reisebr/3907710430877916385,Story do Instagram,,Total,1443.0,1266.0,9.0,0.0,,0.0,,1334.0,,15.0,8.0
18030849551814494,17841412177671196,reisebr,R E I S E ®,,0.0,05/28/2026 14:05,https://www.instagram.com/stories/reisebr/3907265403445683996,Story do Instagram,,Total,1248.0,1108.0,4.0,0.0,,1.0,,1195.0,,,13.0
18129822067608420,17841412177671196,reisebr,R E I S E ®,,25.0,05/28/2026 14:04,https://www.instagram.com/stories/reisebr/3907264815974702713,Story do Instagram,,Total,1233.0,1150.0,2.0,1.0,,1.0,,1177.0,,,2.0
17939341500248515,17841412177671196,reisebr,R E I S E ®,,7.0,05/28/2026 14:04,https://www.instagram.com/stories/reisebr/3907264394867105805,Story do Instagram,,Total,1333.0,1216.0,3.0,0.0,,0.0,,1233.0,,,1.0
17986248224823210,17841412177671196,reisebr,R E I S E ®,,0.0,05/28/2026 14:00,https://www.instagram.com/stories/reisebr/3907262731036277618,Story do Instagram,,Total,1748.0,1533.0,2.0,0.0,,0.0,17.0,1595.0,,,16.0
18085844264565133,17841412177671196,reisebr,R E I S E ®,,20.0,05/27/2026 13:38,https://www.instagram.com/stories/reisebr/3906526934838351866,Story do Instagram,,Total,1677.0,1333.0,4.0,0.0,,1.0,27.0,1559.0,,,8.0
18101389178471675,17841412177671196,reisebr,R E I S E ®,,19.0,05/27/2026 13:36,https://www.instagram.com/stories/reisebr/3906525539057895245,Story do Instagram,,Total,1814.0,1434.0,5.0,0.0,,0.0,23.0,1669.0,,,4.0
18151898674477501,17841412177671196,reisebr,R E I S E ®,,20.0,05/27/2026 13:33,https://www.instagram.com/stories/reisebr/3906524088776611129,Story do Instagram,,Total,1840.0,1493.0,6.0,0.0,,0.0,17.0,1742.0,,,3.0
17927087466325067,17841412177671196,reisebr,R E I S E ®,,11.0,05/27/2026 13:28,https://www.instagram.com/stories/reisebr/3906521753262328424,Story do Instagram,,Total,1944.0,1578.0,3.0,0.0,,1.0,,1844.0,,,8.0
18103975904064615,17841412177671196,reisebr,R E I S E ®,,0.0,05/27/2026 13:27,https://www.instagram.com/stories/reisebr/3906521481414532387,Story do Instagram,,Total,2310.0,1917.0,7.0,0.0,,0.0,,2063.0,,,13.0
17991860111966464,17841412177671196,reisebr,R E I S E ®,"Lucas Chacon na área para
encerrar esse Vlog! Obrigado a todos
que acompanharam a minha rotina por aqui.

E vale lembrar: Bora meter Style com Reise ⚡️ @lucaschaccon",0.0,05/26/2026 18:47,https://www.instagram.com/stories/reisebr/3905957744031676152,Story do Instagram,,Total,1434.0,1185.0,10.0,0.0,,1.0,,1329.0,,30.0,16.0
18394428649081591,17841412177671196,reisebr,R E I S E ®,,60.0,05/26/2026 18:03,https://www.instagram.com/stories/reisebr/3905935110054918129,Story do Instagram,,Total,1494.0,1247.0,8.0,0.0,,1.0,,1382.0,,,1.0
18116688994744669,17841412177671196,reisebr,R E I S E ®,,6.0,05/26/2026 15:22,https://www.instagram.com/stories/reisebr/3905854411645737798,Story do Instagram,,Total,1298.0,1131.0,6.0,0.0,,0.0,,1200.0,1.0,,7.0
18310121533263037,17841412177671196,reisebr,R E I S E ®,,25.0,05/26/2026 15:22,https://www.instagram.com/stories/reisebr/3905854163326146481,Story do Instagram,,Total,1380.0,1209.0,8.0,0.0,,0.0,,1305.0,,,2.0
17967814137100313,17841412177671196,reisebr,R E I S E ®,,8.0,05/26/2026 13:34,https://www.instagram.com/stories/reisebr/3905799733549551970,Story do Instagram,,Total,1616.0,1303.0,9.0,0.0,,0.0,,1523.0,,,5.0
17888226264551736,17841412177671196,reisebr,R E I S E ®,,0.0,05/26/2026 10:06,https://www.instagram.com/stories/reisebr/3905695456654251338,Story do Instagram,,Total,1755.0,1351.0,14.0,2.0,,3.0,55.0,1586.0,,,3.0
17901554706441229,17841412177671196,reisebr,R E I S E ®,,11.0,05/26/2026 09:58,https://www.instagram.com/stories/reisebr/3905691345847513565,Story do Instagram,,Total,1700.0,1398.0,11.0,0.0,,1.0,,1573.0,,,4.0
18064547801429448,17841412177671196,reisebr,R E I S E ®,,36.0,05/26/2026 09:56,https://www.instagram.com/stories/reisebr/3905690180485297709,Story do Instagram,,Total,1814.0,1436.0,11.0,1.0,,1.0,,1671.0,,,5.0
17925302148123369,17841412177671196,reisebr,R E I S E ®,,0.0,05/26/2026 09:55,https://www.instagram.com/stories/reisebr/3905689755923828796,Story do Instagram,,Total,1851.0,1516.0,12.0,0.0,,1.0,,1723.0,,,7.0
17857977057643569,17841412177671196,reisebr,R E I S E ®,,28.0,05/26/2026 09:53,https://www.instagram.com/stories/reisebr/3905688672305824010,Story do Instagram,,Total,1844.0,1582.0,8.0,2.0,,0.0,,1727.0,,,6.0
18016406354892977,17841412177671196,reisebr,R E I S E ®,@lucaschaccon,21.0,05/26/2026 09:52,https://www.instagram.com/stories/reisebr/3905688408316340431,Story do Instagram,,Total,2256.0,1928.0,11.0,0.0,,1.0,,2020.0,2.0,33.0,14.0
18095654768246852,17841412177671196,reisebr,R E I S E ®,,0.0,05/24/2026 14:32,https://www.instagram.com/stories/reisebr/3904379576543148551,Story do Instagram,,Total,1913.0,1612.0,7.0,0.0,,2.0,27.0,1821.0,1.0,,24.0
17897849004307671,17841412177671196,reisebr,R E I S E ®,,0.0,05/24/2026 14:31,https://www.instagram.com/stories/reisebr/3904379330211637477,Story do Instagram,,Total,1985.0,1695.0,6.0,0.0,,0.0,,1906.0,,,4.0
17897699604308115,17841412177671196,reisebr,R E I S E ®,,0.0,05/24/2026 14:31,https://www.instagram.com/stories/reisebr/3904379245386110117,Story do Instagram,,Total,2023.0,1756.0,8.0,1.0,,2.0,17.0,1933.0,,,3.0
18091829582004106,17841412177671196,reisebr,R E I S E ®,,0.0,05/24/2026 14:30,https://www.instagram.com/stories/reisebr/3904378850265811192,Story do Instagram,,Total,2065.0,1862.0,9.0,0.0,,0.0,,1999.0,,,1.0
17904047250265863,17841412177671196,reisebr,R E I S E ®,,0.0,05/24/2026 14:30,https://www.instagram.com/stories/reisebr/3904378806192128982,Story do Instagram,,Total,2595.0,2307.0,5.0,0.0,,0.0,,2383.0,,,10.0
18437569615138480,17841412177671196,reisebr,R E I S E ®,,0.0,05/23/2026 09:55,https://www.instagram.com/stories/reisebr/3903515559598098377,Story do Instagram,,Total,1151.0,1058.0,2.0,0.0,,1.0,,1115.0,,5.0,3.0
18188913148326826,17841412177671196,reisebr,R E I S E ®,,0.0,05/23/2026 09:55,https://www.instagram.com/stories/reisebr/3903515518522090851,Story do Instagram,,Total,1181.0,1100.0,1.0,0.0,,0.0,,1155.0
17900541957288706,17841412177671196,reisebr,R E I S E ®,,0.0,05/23/2026 09:55,https://www.instagram.com/stories/reisebr/3903515489922328314,Story do Instagram,,Total,1250.0,1148.0,1.0,0.0,,0.0,,1208.0
17939158809214552,17841412177671196,reisebr,R E I S E ®,,0.0,05/23/2026 09:55,https://www.instagram.com/stories/reisebr/3903515447546007706,Story do Instagram,,Total,1330.0,1221.0,2.0,0.0,,0.0,,1287.0,,,5.0
17991276161992051,17841412177671196,reisebr,R E I S E ®,,0.0,05/23/2026 09:55,https://www.instagram.com/stories/reisebr/3903515425221049437,Story do Instagram,,Total,1644.0,1508.0,3.0,0.0,,0.0,,1540.0,,4.0,4.0
18471571411100414,17841412177671196,reisebr,R E I S E ®,,0.0,05/22/2026 12:37,https://www.instagram.com/stories/reisebr/3902872386165547372,Story do Instagram,,Total,1402.0,1270.0,5.0,0.0,,0.0,11.0,1330.0,,,9.0
18108525949923301,17841412177671196,reisebr,R E I S E ®,,0.0,05/22/2026 12:36,https://www.instagram.com/stories/reisebr/3902871929573999752,Story do Instagram,,Total,1424.0,1309.0,4.0,0.0,,1.0,,1370.0,,,1.0
18164661082436050,17841412177671196,reisebr,R E I S E ®,,0.0,05/22/2026 12:35,https://www.instagram.com/stories/reisebr/3902871227287026835,Story do Instagram,,Total,1498.0,1380.0,4.0,0.0,,0.0,,1435.0,,,2.0
18182519242385537,17841412177671196,reisebr,R E I S E ®,,0.0,05/22/2026 12:34,https://www.instagram.com/stories/reisebr/3902870584443085158,Story do Instagram,,Total,1855.0,1677.0,3.0,0.0,,0.0,,1708.0,,,4.0
18115422790873499,17841412177671196,reisebr,R E I S E ®,,0.0,05/21/2026 14:06,https://www.instagram.com/stories/reisebr/3902192314802590813,Story do Instagram,,Total,1055.0,998.0,3.0,0.0,,0.0,,1028.0,,,8.0
18590821120009344,17841412177671196,reisebr,R E I S E ®,,24.0,05/21/2026 14:05,https://www.instagram.com/stories/reisebr/3902191689690822210,Story do Instagram,,Total,1097.0,1050.0,6.0,0.0,,0.0,,1062.0
18105176252314119,17841412177671196,reisebr,R E I S E ®,,8.0,05/21/2026 14:04,https://www.instagram.com/stories/reisebr/3902191358400363926,Story do Instagram,,Total,1140.0,1097.0,5.0,0.0,,0.0,,1093.0,,,1.0
18152417089475181,17841412177671196,reisebr,R E I S E ®,,7.0,05/21/2026 14:04,https://www.instagram.com/stories/reisebr/3902191084361307495,Story do Instagram,,Total,1234.0,1153.0,5.0,0.0,,0.0,,1174.0
18392275216080278,17841412177671196,reisebr,R E I S E ®,,0.0,05/21/2026 14:01,https://www.instagram.com/stories/reisebr/3902189785854418930,Story do Instagram,,Total,1351.0,1222.0,6.0,0.0,,0.0,,1319.0
17953740744131915,17841412177671196,reisebr,R E I S E ®,,0.0,05/21/2026 14:01,https://www.instagram.com/stories/reisebr/3902189563732457260,Story do Instagram,,Total,1563.0,1398.0,4.0,0.0,,0.0,19.0,1493.0,,,7.0
18076886066241147,17841412177671196,reisebr,R E I S E ®,,10.0,05/21/2026 04:38,https://www.instagram.com/stories/reisebr/3901906120369696637,Story do Instagram,,Total,1720.0,1538.0,7.0,1.0,,0.0,,1649.0,,,8.0
18038594162601224,17841412177671196,reisebr,R E I S E ®,,0.0,05/21/2026 04:37,https://www.instagram.com/stories/reisebr/3901906056040205999,Story do Instagram,,Total,2187.0,1948.0,5.0,1.0,,0.0,,2021.0,,,16.0
17999622878938789,17841412177671196,reisebr,R E I S E ®,@reise.business,23.0,05/19/2026 13:59,https://www.instagram.com/stories/reisebr/3900738771494708729,Story do Instagram,,Total,1326.0,1136.0,6.0,3.0,,0.0,,1262.0,,46.0,18.0
18194560177367760,17841412177671196,reisebr,R E I S E ®,,0.0,05/19/2026 13:57,https://www.instagram.com/stories/reisebr/3900737987992254904,Story do Instagram,,Total,1443.0,1218.0,3.0,8.0,,0.0,,1339.0
18113394997847691,17841412177671196,reisebr,R E I S E ®,,0.0,05/19/2026 13:56,https://www.instagram.com/stories/reisebr/3900737815245528419,Story do Instagram,,Total,1473.0,1254.0,2.0,1.0,,0.0,,1364.0,1.0,,2.0
17992866671986440,17841412177671196,reisebr,R E I S E ®,,0.0,05/19/2026 13:56,https://www.instagram.com/stories/reisebr/3900737537221891705,Story do Instagram,,Total,1659.0,1386.0,2.0,1.0,,0.0,,1496.0,1.0,,4.0
18588797227052646,17841412177671196,reisebr,R E I S E ®,,0.0,05/19/2026 07:05,https://www.instagram.com/stories/reisebr/3900530795010197485,Story do Instagram,,Total,1760.0,1421.0,6.0,1.0,,0.0,,1591.0,1.0,135.0,13.0
18089503436360581,17841412177671196,reisebr,R E I S E ®,,0.0,05/18/2026 13:54,https://www.instagram.com/stories/reisebr/3900012065471081448,Story do Instagram,,Total,1204.0,1011.0,6.0,0.0,,0.0,19.0,1150.0,1.0,,5.0
18136041007549888,17841412177671196,reisebr,R E I S E ®,,0.0,05/18/2026 13:52,https://www.instagram.com/stories/reisebr/3900011090153007664,Story do Instagram,,Total,1274.0,1064.0,5.0,0.0,,0.0,,1207.0,,,3.0
17941656684027346,17841412177671196,reisebr,R E I S E ®,,0.0,05/18/2026 13:50,https://www.instagram.com/stories/reisebr/3900009955417504203,Story do Instagram,,Total,1398.0,1108.0,5.0,1.0,,1.0,,1327.0,,,3.0
17967738879060811,17841412177671196,reisebr,R E I S E ®,,0.0,05/18/2026 13:48,https://www.instagram.com/stories/reisebr/3900009117521314648,Story do Instagram,,Total,1450.0,1183.0,6.0,0.0,,1.0,,1368.0,1.0,,3.0
18067694306356750,17841412177671196,reisebr,R E I S E ®,,0.0,05/18/2026 13:47,https://www.instagram.com/stories/reisebr/3900008168233064376,Story do Instagram,,Total,1635.0,1439.0,5.0,2.0,,0.0,,1500.0,,,13.0
18130449400501715,17841412177671196,reisebr,R E I S E ®,,0.0,05/17/2026 14:05,https://www.instagram.com/stories/reisebr/3899292790786488672,Story do Instagram,,Total,1284.0,1083.0,4.0,0.0,,0.0,8.0,1231.0,1.0,,11.0
18123829063712219,17841412177671196,reisebr,R E I S E ®,,0.0,05/17/2026 14:04,https://www.instagram.com/stories/reisebr/3899292218212558649,Story do Instagram,,Total,1360.0,1138.0,5.0,1.0,,0.0,7.0,1313.0,,,1.0
17850225996696375,17841412177671196,reisebr,R E I S E ®,,0.0,05/17/2026 14:03,https://www.instagram.com/stories/reisebr/3899291503931720137,Story do Instagram,,Total,1446.0,1166.0,4.0,0.0,,0.0,7.0,1383.0,,,3.0
18098971610274971,17841412177671196,reisebr,R E I S E ®,,0.0,05/17/2026 14:02,https://www.instagram.com/stories/reisebr/3899291324575341120,Story do Instagram,,Total,1510.0,1203.0,5.0,0.0,,0.0,10.0,1448.0,,,3.0
17937078951239590,17841412177671196,reisebr,R E I S E ®,,0.0,05/17/2026 14:01,https://www.instagram.com/stories/reisebr/3899290546045102626,Story do Instagram,,Total,1507.0,1253.0,4.0,1.0,,0.0,10.0,1457.0,,,3.0
18094722302268011,17841412177671196,reisebr,R E I S E ®,,0.0,05/17/2026 14:00,https://www.instagram.com/stories/reisebr/3899290142687166744,Story do Instagram,,Total,1678.0,1466.0,4.0,1.0,,0.0,,1590.0,,,4.0
18128869591592474,17841412177671196,reisebr,R E I S E ®,,23.0,05/16/2026 16:38,https://www.instagram.com/stories/reisebr/3898644868419610116,Story do Instagram,,Total,1332.0,1194.0,4.0,0.0,,0.0,8.0,1300.0,,,10.0
18089033657368295,17841412177671196,reisebr,R E I S E ®,,19.0,05/16/2026 16:37,https://www.instagram.com/stories/reisebr/3898644288590626825,Story do Instagram,,Total,1378.0,1243.0,3.0,0.0,,0.0,7.0,1349.0,,,3.0
18087764918458259,17841412177671196,reisebr,R E I S E ®,,22.0,05/16/2026 16:36,https://www.instagram.com/stories/reisebr/3898643805574582460,Story do Instagram,,Total,1424.0,1299.0,4.0,0.0,,0.0,8.0,1386.0,,,2.0
18161547265449124,17841412177671196,reisebr,R E I S E ®,,8.0,05/16/2026 16:34,https://www.instagram.com/stories/reisebr/3898642887407894111,Story do Instagram,,Total,1542.0,1414.0,4.0,0.0,,0.0,,1485.0,,,8.0
18105558994758769,17841412177671196,reisebr,R E I S E ®,,11.0,05/16/2026 16:34,https://www.instagram.com/stories/reisebr/3898642794906655984,Story do Instagram,,Total,2003.0,1801.0,6.0,0.0,,1.0,,1863.0,1.0,,20.0
17983779816004994,17841412177671196,reisebr,R E I S E ®,,0.0,05/14/2026 13:22,https://www.instagram.com/stories/reisebr/3897096475827809215,Story do Instagram,,Total,6113.0,4560.0,10.0,0.0,,1.0,20.0,1205.0,,,11.0
18117994129664711,17841412177671196,reisebr,R E I S E ®,,0.0,05/14/2026 13:20,https://www.instagram.com/stories/reisebr/3897095687785172789,Story do Instagram,,Total,2379.0,2001.0,6.0,2.0,,0.0,,1297.0,,,2.0
18117840040666058,17841412177671196,reisebr,R E I S E ®,,0.0,05/14/2026 13:20,https://www.instagram.com/stories/reisebr/3897095495149239756,Story do Instagram,,Total,1428.0,1214.0,6.0,0.0,,1.0,,1348.0,,,8.0
18098422862110037,17841412177671196,reisebr,R E I S E ®,,0.0,05/14/2026 13:19,https://www.instagram.com/stories/reisebr/3897095365226566212,Story do Instagram,,Total,1644.0,1381.0,12.0,1.0,,1.0,,1457.0,,,6.0
18160319791445337,17841412177671196,reisebr,R E I S E ®,,0.0,05/14/2026 13:18,https://www.instagram.com/stories/reisebr/3897094633630781292,Story do Instagram,,Total,1818.0,1540.0,8.0,2.0,,0.0,,1614.0,,,10.0
17988300581806137,17841412177671196,reisebr,R E I S E ®,,0.0,2026-12-05 14:05:00,https://www.instagram.com/stories/reisebr/3895668586040390093,Story do Instagram,,Total,1397.0,1171.0,4.0,1.0,,1.0,22.0,1330.0,,,10.0
18094360322336819,17841412177671196,reisebr,R E I S E ®,,0.0,2026-12-05 14:03:00,https://www.instagram.com/stories/reisebr/3895667876975916205,Story do Instagram,,Total,1420.0,1229.0,5.0,0.0,,0.0,,1349.0,,,12.0
17962111233086824,17841412177671196,reisebr,R E I S E ®,,0.0,2026-12-05 14:01:00,https://www.instagram.com/stories/reisebr/3895666577202765817,Story do Instagram,,Total,1451.0,1279.0,3.0,0.0,,0.0,,1401.0,,,3.0
18113121007878541,17841412177671196,reisebr,R E I S E ®,,0.0,2026-12-05 14:00:00,https://www.instagram.com/stories/reisebr/3895666383527319243,Story do Instagram,,Total,1803.0,1573.0,4.0,0.0,,0.0,,1694.0,,,13.0
17938122462232892,17841412177671196,reisebr,R E I S E ®,,26.0,2026-11-05 15:33:00,https://www.instagram.com/stories/reisebr/3894988124052882602,Story do Instagram,,Total,1639.0,1442.0,9.0,0.0,,1.0,,1519.0,1.0,,19.0
18062991389429418,17841412177671196,reisebr,R E I S E ®,,0.0,2026-11-05 08:05:00,https://www.instagram.com/stories/reisebr/3894762567420018944,Story do Instagram,,Total,1455.0,1207.0,7.0,1.0,,0.0,20.0,1384.0,,,5.0
17852122734677171,17841412177671196,reisebr,R E I S E ®,,0.0,2026-11-05 08:02:00,https://www.instagram.com/stories/reisebr/3894761403727533395,Story do Instagram,,Total,1521.0,1273.0,9.0,0.0,,0.0,,1451.0,,,3.0
18064804688402722,17841412177671196,reisebr,R E I S E ®,,0.0,2026-11-05 08:01:00,https://www.instagram.com/stories/reisebr/3894760703605455579,Story do Instagram,,Total,6894.0,4991.0,8.0,1.0,,0.0,,1542.0,1.0,,5.0
18180238558353167,17841412177671196,reisebr,R E I S E ®,,0.0,2026-11-05 08:00:00,https://www.instagram.com/stories/reisebr/3894760487935593759,Story do Instagram,,Total,1744.0,1430.0,6.0,0.0,,0.0,,1674.0,,,4.0
18000109109929297,17841412177671196,reisebr,R E I S E ®,,0.0,2026-11-05 05:09:00,https://www.instagram.com/stories/reisebr/3894674266121976577,Story do Instagram,,Total,2114.0,1742.0,5.0,0.0,,0.0,,1937.0,,18.0,16.0
18115627213625917,17841412177671196,reisebr,R E I S E ®,,17.0,2026-10-05 14:01:00,https://www.instagram.com/stories/reisebr/3894217010221772236,Story do Instagram,,Total,2070.0,1799.0,12.0,1.0,,1.0,32.0,1925.0,2.0,,20.0
18435077137137649,17841412177671196,reisebr,R E I S E ®,,0.0,2026-09-05 14:53:00,https://www.instagram.com/stories/reisebr/3893518834464287492,Story do Instagram,,Total,1378.0,1286.0,8.0,0.0,,2.0,,1328.0,,,9.0
18087366230373063,17841412177671196,reisebr,R E I S E ®,,0.0,2026-09-05 14:53:00,https://www.instagram.com/stories/reisebr/3893518800800829212,Story do Instagram,,Total,1425.0,1349.0,5.0,0.0,,0.0,,1388.0,,,5.0
18109854514879904,17841412177671196,reisebr,R E I S E ®,,0.0,2026-09-05 14:53:00,https://www.instagram.com/stories/reisebr/3893518765031756943,Story do Instagram,,Total,1506.0,1422.0,5.0,0.0,,0.0,,1458.0
18115156675702330,17841412177671196,reisebr,R E I S E ®,,0.0,2026-09-05 14:53:00,https://www.instagram.com/stories/reisebr/3893518555543079813,Story do Instagram,,Total,1974.0,1799.0,6.0,1.0,,0.0,,1823.0,1.0,,20.0
18093617297179730,17841412177671196,reisebr,R E I S E ®,,0.0,2026-08-05 12:01:00,https://www.instagram.com/stories/reisebr/3892707338335403934,Story do Instagram,,Total,1523.0,1331.0,7.0,0.0,,1.0,,1471.0,1.0,,20.0
17954000280129660,17841412177671196,reisebr,R E I S E ®,,13.0,2026-08-05 12:01:00,https://www.instagram.com/stories/reisebr/3892707062970936314,Story do Instagram,,Total,1869.0,1663.0,6.0,0.0,,0.0,,1739.0,1.0,,11.0
18325050205268269,17841412177671196,reisebr,R E I S E ®,,0.0,2026-07-05 14:07:00,https://www.instagram.com/stories/reisebr/3892045900890104341,Story do Instagram,,Total,1188.0,983.0,9.0,2.0,,1.0,5.0,1147.0,2.0,,7.0
17995246322776014,17841412177671196,reisebr,R E I S E ®,,12.0,2026-07-05 14:06:00,https://www.instagram.com/stories/reisebr/3892045396978613118,Story do Instagram,,Total,1238.0,1033.0,11.0,0.0,,0.0,,1201.0,,,3.0
18092941589583162,17841412177671196,reisebr,R E I S E ®,,0.0,2026-07-05 14:05:00,https://www.instagram.com/stories/reisebr/3892044810219513654,Story do Instagram,,Total,1294.0,1071.0,11.0,0.0,,0.0,9.0,1246.0
17859901623691321,17841412177671196,reisebr,R E I S E ®,,12.0,2026-07-05 14:05:00,https://www.instagram.com/stories/reisebr/3892044728071015829,Story do Instagram,,Total,1330.0,1103.0,12.0,0.0,,0.0,,1297.0,,,1.0
18013530641839780,17841412177671196,reisebr,R E I S E ®,,0.0,2026-07-05 14:04:00,https://www.instagram.com/stories/reisebr/3892044193262862951,Story do Instagram,,Total,1401.0,1166.0,10.0,0.0,,0.0,9.0,1346.0,,,2.0
18350458624214774,17841412177671196,reisebr,R E I S E ®,,12.0,2026-07-05 14:01:00,https://www.instagram.com/stories/reisebr/3892042921441185718,Story do Instagram,,Total,1551.0,1247.0,10.0,0.0,,0.0,,1499.0,,,4.0
18069127178659413,17841412177671196,reisebr,R E I S E ®,,0.0,2026-07-05 14:00:00,https://www.instagram.com/stories/reisebr/3892042372859318354,Story do Instagram,,Total,1900.0,1543.0,18.0,0.0,,0.0,,1724.0,,,14.0
18102996773054494,17841412177671196,reisebr,R E I S E ®,,12.0,2026-06-05 13:31:00,https://www.instagram.com/stories/reisebr/3891302873585780919,Story do Instagram,,Total,1038.0,873.0,6.0,1.0,,4.0,44.0,940.0,,,14.0
18079914992631541,17841412177671196,reisebr,R E I S E ®,,11.0,2026-06-05 13:29:00,https://www.instagram.com/stories/reisebr/3891302047693751755,Story do Instagram,,Total,1011.0,901.0,4.0,0.0,,1.0,,982.0,,,2.0
17893352406331447,17841412177671196,reisebr,R E I S E ®,,10.0,2026-06-05 13:29:00,https://www.instagram.com/stories/reisebr/3891301908702915315,Story do Instagram,,Total,1067.0,937.0,4.0,0.0,,0.0,,1030.0,,,2.0
17948131131156092,17841412177671196,reisebr,R E I S E ®,,12.0,2026-06-05 13:28:00,https://www.instagram.com/stories/reisebr/3891301431240152268,Story do Instagram,,Total,1149.0,975.0,5.0,0.0,,0.0,,1094.0,,,2.0
17981483139006109,17841412177671196,reisebr,R E I S E ®,,0.0,2026-06-05 13:25:00,https://www.instagram.com/stories/reisebr/3891300198399982633,Story do Instagram,,Total,1300.0,1033.0,5.0,1.0,,0.0,,1243.0,,,3.0
18021519254662087,17841412177671196,reisebr,R E I S E ®,,0.0,2026-06-05 11:42:00,https://www.instagram.com/stories/reisebr/3891248194222932845,Story do Instagram,,Total,1543.0,1173.0,9.0,1.0,,1.0,,1397.0,,40.0,7.0
18091638209599542,17841412177671196,reisebr,R E I S E ®,,0.0,2026-06-05 04:20:00,https://www.instagram.com/stories/reisebr/3891025820898989578,Story do Instagram,,Total,1876.0,1522.0,12.0,0.0,,0.0,,1695.0,,24.0,13.0
18088755365597409,17841412177671196,reisebr,R E I S E ®,,0.0,2026-04-05 13:47:00,https://www.instagram.com/stories/reisebr/3889861671751462586,Story do Instagram,,Total,1377.0,1157.0,7.0,0.0,,1.0,26.0,1289.0,,,13.0
18073550675278897,17841412177671196,reisebr,R E I S E ®,,0.0,2026-04-05 13:45:00,https://www.instagram.com/stories/reisebr/3889860412285850969,Story do Instagram,,Total,1356.0,1180.0,5.0,1.0,,1.0,,1300.0,,,1.0
18107570443726531,17841412177671196,reisebr,R E I S E ®,,0.0,2026-04-05 13:44:00,https://www.instagram.com/stories/reisebr/3889860211336573517,Story do Instagram,,Total,1501.0,1269.0,7.0,1.0,,1.0,,1434.0,,,3.0
17883730971551987,17841412177671196,reisebr,R E I S E ®,,0.0,2026-04-05 13:44:00,https://www.instagram.com/stories/reisebr/3889860103870144031,Story do Instagram,,Total,1500.0,1256.0,8.0,0.0,,1.0,,1438.0,,,2.0
18389452507093728,17841412177671196,reisebr,R E I S E ®,,0.0,2026-04-05 13:44:00,https://www.instagram.com/stories/reisebr/3889859967471361862,Story do Instagram,,Total,1886.0,1537.0,7.0,0.0,,0.0,,1694.0,,,14.0
18111516250883965,17841412177671196,reisebr,R E I S E ®,,0.0,2026-02-05 13:50:00,https://www.instagram.com/stories/reisebr/3888413403408575898,Story do Instagram,,Total,1786.0,1517.0,11.0,0.0,,2.0,,1651.0,,15.0,13.0
18010185014899460,17841412177671196,reisebr,R E I S E ®,,0.0,2026-02-05 12:10:00,https://www.instagram.com/stories/reisebr/3888362903267042510,Story do Instagram,,Total,1495.0,1305.0,11.0,0.0,,0.0,,1429.0,,,6.0
18082961525624664,17841412177671196,reisebr,R E I S E ®,,0.0,2026-02-05 12:09:00,https://www.instagram.com/stories/reisebr/3888362873814607632,Story do Instagram,,Total,1550.0,1349.0,9.0,0.0,,0.0,,1449.0,,3.0
17878911900440033,17841412177671196,reisebr,R E I S E ®,,0.0,2026-02-05 12:09:00,https://www.instagram.com/stories/reisebr/3888362844790008769,Story do Instagram,,Total,1658.0,1466.0,8.0,0.0,,0.0,,1593.0,,2.0,3.0
18112629895879080,17841412177671196,reisebr,R E I S E ®,,0.0,2026-02-05 12:09:00,https://www.instagram.com/stories/reisebr/3888362802125569296,Story do Instagram,,Total,2084.0,1830.0,11.0,1.0,,1.0,,1874.0,1.0,,8.0
18190545508369749,17841412177671196,reisebr,R E I S E ®,,17.0,04/30/2026 13:24,https://www.instagram.com/stories/reisebr/3886950945099678360,Story do Instagram,,Total,965.0,867.0,4.0,0.0,,0.0,33.0,902.0,1.0,,11.0
18064910609383383,17841412177671196,reisebr,R E I S E ®,,10.0,04/30/2026 13:19,https://www.instagram.com/stories/reisebr/3886948556544255305,Story do Instagram,,Total,953.0,886.0,3.0,0.0,,0.0,,910.0,,,4.0
18079248962628548,17841412177671196,reisebr,R E I S E ®,,10.0,04/30/2026 13:19,https://www.instagram.com/stories/reisebr/3886948457483192143,Story do Instagram,,Total,1006.0,922.0,3.0,0.0,,0.0,,949.0,,,1.0
18114822574742712,17841412177671196,reisebr,R E I S E ®,,11.0,04/30/2026 13:18,https://www.instagram.com/stories/reisebr/3886947838185772845,Story do Instagram,,Total,1123.0,996.0,3.0,0.0,,0.0,,1045.0,1.0,,2.0
18583734187040995,17841412177671196,reisebr,R E I S E ®,,0.0,04/30/2026 12:57,https://www.instagram.com/stories/reisebr/3886937483732668887,Story do Instagram,,Total,1419.0,1227.0,3.0,0.0,,0.0,,1287.0,2.0,10.0,8.0
18079533428633592,17841412177671196,reisebr,R E I S E ®,,0.0,04/29/2026 14:03,https://www.instagram.com/stories/reisebr/3886245929926478498,Story do Instagram,,Total,1122.0,950.0,5.0,1.0,,1.0,14.0,1051.0,,,6.0
18082380863631151,17841412177671196,reisebr,R E I S E ®,,0.0,04/29/2026 14:02,https://www.instagram.com/stories/reisebr/3886245419840476063,Story do Instagram,,Total,1171.0,975.0,5.0,0.0,,1.0,5.0,1117.0,,,1.0
17961580143096920,17841412177671196,reisebr,R E I S E ®,,0.0,04/29/2026 14:01,https://www.instagram.com/stories/reisebr/3886244902975595037,Story do Instagram,,Total,1225.0,1018.0,5.0,0.0,,0.0,20.0,1155.0
17855390517640378,17841412177671196,reisebr,R E I S E ®,,0.0,04/29/2026 14:01,https://www.instagram.com/stories/reisebr/3886244827024733933,Story do Instagram,,Total,1316.0,1127.0,5.0,0.0,,0.0,,1244.0,,,5.0
18101951729513218,17841412177671196,reisebr,R E I S E ®,,0.0,04/29/2026 09:15,https://www.instagram.com/stories/reisebr/3886100872002713516,Story do Instagram,,Total,1407.0,1180.0,6.0,0.0,,0.0,,1331.0,,5.0,1.0
18064193483378085,17841412177671196,reisebr,R E I S E ®,,0.0,03/22/2026 14:02,https://www.instagram.com/stories/reisebr/3858703930217844553,Story do Instagram,,Total,1998.0,1760.0,5.0,0.0,21.0,0.0,,1828.0
17853805623651609,17841412177671196,reisebr,R E I S E ®,,7.0,03/20/2026 12:31,https://www.instagram.com/stories/reisebr/3857208323846306749,Story do Instagram,,Total,1085.0,982.0,3.0,0.0,7.0,0.0,,1036.0
18042806300784712,17841412177671196,reisebr,R E I S E ®,,9.0,04/28/2026 08:13,https://www.instagram.com/stories/reisebr/3885344947927134099,Story do Instagram,,Total,1141.0,967.0,5.0,0.0,16.0,0.0,,1076.0
18102100282785357,17841412177671196,reisebr,R E I S E ®,,14.0,04/28/2026 08:11,https://www.instagram.com/stories/reisebr/3885343756358943216,Story do Instagram,,Total,1215.0,1036.0,4.0,0.0,4.0,0.0,,1147.0
18134744701538221,17841412177671196,reisebr,R E I S E ®,,14.0,04/28/2026 08:11,https://www.instagram.com/stories/reisebr/3885343568202434820,Story do Instagram,,Total,1282.0,1119.0,5.0,0.0,4.0,0.0,,1197.0
18001201322872828,17841412177671196,reisebr,R E I S E ®,,9.0,04/28/2026 08:09,https://www.instagram.com/stories/reisebr/3885342878482695149,Story do Instagram,,Total,1618.0,1382.0,5.0,0.0,6.0,0.0,,1454.0
18111236317831683,17841412177671196,reisebr,R E I S E ®,,0.0,04/27/2026 14:05,https://www.instagram.com/stories/reisebr/3884797159686103290,Story do Instagram,,Total,1128.0,963.0,4.0,1.0,6.0,1.0,27.0,1066.0
18139811920513510,17841412177671196,reisebr,R E I S E ®,,0.0,04/27/2026 14:04,https://www.instagram.com/stories/reisebr/3884796672022743677,Story do Instagram,,Total,1125.0,1019.0,3.0,1.0,3.0,0.0,,1085.0
18126268117524364,17841412177671196,reisebr,R E I S E ®,,0.0,04/27/2026 14:04,https://www.instagram.com/stories/reisebr/3884796454380368665,Story do Instagram,,Total,1194.0,1062.0,3.0,0.0,,0.0,,1160.0
18387420040089648,17841412177671196,reisebr,R E I S E ®,,0.0,04/27/2026 14:03,https://www.instagram.com/stories/reisebr/3884796383672751969,Story do Instagram,,Total,1244.0,1101.0,4.0,0.0,2.0,0.0,,1195.0
18070454123659708,17841412177671196,reisebr,R E I S E ®,,0.0,04/27/2026 14:01,https://www.instagram.com/stories/reisebr/3884795144314641737,Story do Instagram,,Total,1286.0,1168.0,3.0,0.0,1.0,0.0,,1233.0
17886370599378584,17841412177671196,reisebr,R E I S E ®,,0.0,04/27/2026 14:01,https://www.instagram.com/stories/reisebr/3884795057970729296,Story do Instagram,,Total,1676.0,1458.0,4.0,0.0,8.0,0.0,,1525.0
17855114340641796,17841412177671196,reisebr,R E I S E ®,,0.0,04/24/2026 12:09,https://www.instagram.com/stories/reisebr/3882564656766213506,Story do Instagram,,Total,1125.0,987.0,14.0,0.0,6.0,0.0,19.0,1066.0
18085434077613365,17841412177671196,reisebr,R E I S E ®,,0.0,04/24/2026 12:09,https://www.instagram.com/stories/reisebr/3882564258894524477,Story do Instagram,,Total,1157.0,1026.0,16.0,1.0,,0.0,,1105.0
18108024514913770,17841412177671196,reisebr,R E I S E ®,,0.0,04/24/2026 12:08,https://www.instagram.com/stories/reisebr/3882563900365444428,Story do Instagram,,Total,1233.0,1068.0,12.0,2.0,,0.0,16.0,1176.0
18334739986217236,17841412177671196,reisebr,R E I S E ®,,0.0,04/24/2026 12:07,https://www.instagram.com/stories/reisebr/3882563270087371084,Story do Instagram,,Total,1288.0,1096.0,14.0,0.0,3.0,0.0,,1237.0,1.0
18133810549551177,17841412177671196,reisebr,R E I S E ®,,0.0,04/24/2026 12:05,https://www.instagram.com/stories/reisebr/3882562547425595034,Story do Instagram,,Total,1436.0,1152.0,14.0,0.0,1.0,0.0,,1372.0
18201732580345214,17841412177671196,reisebr,R E I S E ®,,0.0,04/24/2026 12:05,https://www.instagram.com/stories/reisebr/3882562325496539366,Story do Instagram,,Total,1727.0,1437.0,21.0,2.0,4.0,2.0,,1526.0
18050463077725102,17841412177671196,reisebr,R E I S E ®,,0.0,04/23/2026 13:15,https://www.instagram.com/stories/reisebr/3881872857768732876,Story do Instagram,,Total,1587.0,1352.0,8.0,0.0,10.0,2.0,,1509.0,,27.0
18156971023397353,17841412177671196,reisebr,R E I S E ®,,0.0,04/23/2026 12:50,https://www.instagram.com/stories/reisebr/3881860119248072386,Story do Instagram,,Total,1710.0,1438.0,10.0,2.0,4.0,0.0,,1641.0,,19.0
18078998030161391,17841412177671196,reisebr,R E I S E ®,,0.0,04/23/2026 12:49,https://www.instagram.com/stories/reisebr/3881859870769133801,Story do Instagram,,Total,1856.0,1531.0,13.0,3.0,13.0,2.0,,1747.0,,13.0
18087140726371824,17841412177671196,reisebr,R E I S E ®,,0.0,04/23/2026 12:47,https://www.instagram.com/stories/reisebr/3881858652256719235,Story do Instagram,,Total,2244.0,1837.0,10.0,1.0,16.0,1.0,,2053.0,2.0,9.0
17985590732994120,17841412177671196,reisebr,R E I S E ®,,0.0,04/22/2026 05:22,https://www.instagram.com/stories/reisebr/3880910277508500308,Story do Instagram,,Total,2419.0,1985.0,13.0,0.0,10.0,2.0,,2261.0,,17.0
18058828628471547,17841412177671196,reisebr,R E I S E ®,,0.0,04/22/2026 05:22,https://www.instagram.com/stories/reisebr/3880910211775350079,Story do Instagram,,Total,2880.0,2441.0,20.0,0.0,19.0,0.0,,2570.0,1.0,11.0
18089453495241411,17841412177671196,reisebr,R E I S E ®,,0.0,04/20/2026 14:02,https://www.instagram.com/stories/reisebr/3879722375713739321,Story do Instagram,,Total,1961.0,1679.0,6.0,1.0,14.0,1.0,,1821.0
18075191243208627,17841412177671196,reisebr,R E I S E ®,,0.0,04/20/2026 08:04,https://www.instagram.com/stories/reisebr/3879542135632580348,Story do Instagram,,Total,1282.0,1141.0,4.0,0.0,2.0,0.0,16.0,1221.0
18060801026443650,17841412177671196,reisebr,R E I S E ®,,11.0,04/20/2026 08:03,https://www.instagram.com/stories/reisebr/3879541387166815999,Story do Instagram,,Total,1292.0,1189.0,6.0,0.0,2.0,0.0,,1242.0
18101012242978567,17841412177671196,reisebr,R E I S E ®,,5.0,04/20/2026 08:02,https://www.instagram.com/stories/reisebr/3879541125736477958,Story do Instagram,,Total,1384.0,1269.0,4.0,0.0,4.0,0.0,,1316.0
18146175091494973,17841412177671196,reisebr,R E I S E ®,,0.0,04/20/2026 08:02,https://www.instagram.com/stories/reisebr/3879541075757262863,Story do Instagram,,Total,1699.0,1501.0,5.0,0.0,9.0,0.0,,1567.0
17916924150348560,17841412177671196,reisebr,R E I S E ®,,27.0,04/19/2026 14:03,https://www.instagram.com/stories/reisebr/3878997925200448163,Story do Instagram,,Total,1837.0,1464.0,11.0,0.0,12.0,1.0,39.0,1752.0
17965794948054386,17841412177671196,reisebr,R E I S E ®,,0.0,04/19/2026 14:02,https://www.instagram.com/stories/reisebr/3878997574104169954,Story do Instagram,,Total,1962.0,1565.0,9.0,1.0,9.0,3.0,,1816.0
18001141166914666,17841412177671196,reisebr,R E I S E ®,,0.0,04/19/2026 14:01,https://www.instagram.com/stories/reisebr/3878996938078727951,Story do Instagram,,Total,1903.0,1630.0,10.0,0.0,1.0,0.0,,1805.0
18090038132263966,17841412177671196,reisebr,R E I S E ®,,0.0,04/19/2026 14:01,https://www.instagram.com/stories/reisebr/3878996764460060045,Story do Instagram,,Total,2348.0,2041.0,8.0,0.0,8.0,0.0,,2143.0
18117733873583092,17841412177671196,reisebr,R E I S E ®,,21.0,04/17/2026 12:03,https://www.instagram.com/stories/reisebr/3877488001379548297,Story do Instagram,,Total,1325.0,1112.0,3.0,1.0,13.0,0.0,24.0,1252.0,1.0
18037183358591652,17841412177671196,reisebr,R E I S E ®,,0.0,04/17/2026 12:02,https://www.instagram.com/stories/reisebr/3877487527331203023,Story do Instagram,,Total,1373.0,1182.0,8.0,1.0,1.0,0.0,,1308.0
18577622032003760,17841412177671196,reisebr,R E I S E ®,,0.0,04/17/2026 12:01,https://www.instagram.com/stories/reisebr/3877486905717705617,Story do Instagram,,Total,1424.0,1216.0,5.0,0.0,1.0,0.0,,1382.0
18170334232408447,17841412177671196,reisebr,R E I S E ®,,0.0,04/17/2026 12:01,https://www.instagram.com/stories/reisebr/3877486730269551827,Story do Instagram,,Total,1628.0,1326.0,3.0,0.0,2.0,0.0,,1547.0
18116141866669242,17841412177671196,reisebr,R E I S E ®,,0.0,04/17/2026 10:17,https://www.instagram.com/stories/reisebr/3877434491908574115,Story do Instagram,,Total,2290.0,1825.0,11.0,1.0,19.0,0.0,,2022.0,,45.0
17885859420377412,17841412177671196,reisebr,R E I S E ®,,0.0,04/16/2026 08:06,https://www.instagram.com/stories/reisebr/3876644013126623902,Story do Instagram,,Total,1785.0,1351.0,5.0,0.0,9.0,1.0,72.0,1623.0
18313990753276856,17841412177671196,reisebr,R E I S E ®,,0.0,04/16/2026 08:05,https://www.instagram.com/stories/reisebr/3876643586003838516,Story do Instagram,,Total,7886.0,5487.0,16.0,6.0,2.0,2.0,56.0,1760.0
17914715376167202,17841412177671196,reisebr,R E I S E ®,,0.0,04/16/2026 08:04,https://www.instagram.com/stories/reisebr/3876642906694405727,Story do Instagram,,Total,7723.0,5629.0,16.0,13.0,7.0,1.0,53.0,1813.0,3.0
18102775954743795,17841412177671196,reisebr,R E I S E ®,,0.0,04/16/2026 08:03,https://www.instagram.com/stories/reisebr/3876642216404210970,Story do Instagram,,Total,7513.0,6048.0,8.0,2.0,9.0,0.0,,1947.0
18264703432295452,17841412177671196,reisebr,R E I S E ®,,15.0,04/15/2026 14:19,https://www.instagram.com/stories/reisebr/3876106999322767015,Story do Instagram,,Total,1217.0,995.0,10.0,1.0,7.0,1.0,,1152.0
17897364771429513,17841412177671196,reisebr,R E I S E ®,,11.0,04/15/2026 13:43,https://www.instagram.com/stories/reisebr/3876088743329379787,Story do Instagram,,Total,1193.0,1003.0,5.0,0.0,1.0,0.0,18.0,1149.0
18074459378551797,17841412177671196,reisebr,R E I S E ®,,0.0,04/15/2026 13:42,https://www.instagram.com/stories/reisebr/3876088074774074488,Story do Instagram,,Total,1245.0,1046.0,5.0,0.0,3.0,0.0,,1198.0
18007111007890541,17841412177671196,reisebr,R E I S E ®,,16.0,04/15/2026 13:41,https://www.instagram.com/stories/reisebr/3876087680308159624,Story do Instagram,,Total,1331.0,1090.0,6.0,0.0,3.0,0.0,,1282.0,2.0
18354410428238973,17841412177671196,reisebr,R E I S E ®,,0.0,04/15/2026 13:39,https://www.instagram.com/stories/reisebr/3876086941355697532,Story do Instagram,,Total,1362.0,1115.0,6.0,0.0,5.0,0.0,,1276.0
18127647016605932,17841412177671196,reisebr,R E I S E ®,,0.0,04/15/2026 12:21,https://www.instagram.com/stories/reisebr/3876047339769104212,Story do Instagram,,Total,1318.0,1093.0,4.0,0.0,1.0,0.0,,1279.0
18080957852108274,17841412177671196,reisebr,R E I S E ®,,0.0,04/15/2026 12:20,https://www.instagram.com/stories/reisebr/3876046928433757180,Story do Instagram,,Total,1380.0,1154.0,6.0,0.0,3.0,0.0,,1322.0
18060819083412257,17841412177671196,reisebr,R E I S E ®,,0.0,04/15/2026 12:20,https://www.instagram.com/stories/reisebr/3876046905415381021,Story do Instagram,,Total,1431.0,1218.0,5.0,0.0,2.0,0.0,,1372.0
17895933609440163,17841412177671196,reisebr,R E I S E ®,,0.0,04/15/2026 12:20,https://www.instagram.com/stories/reisebr/3876046882858460724,Story do Instagram,,Total,1728.0,1458.0,9.0,0.0,13.0,0.0,,1575.0
18058266155479929,17841412177671196,reisebr,R E I S E ®,,21.0,04/14/2026 14:00,https://www.instagram.com/stories/reisebr/3875372447826549756,Story do Instagram,,Total,2432.0,2019.0,12.0,0.0,23.0,1.0,59.0,2168.0,1.0
18001744442740192,17841412177671196,reisebr,R E I S E ®,,15.0,04/13/2026 14:03,https://www.instagram.com/stories/reisebr/3874649361644880208,Story do Instagram,,Total,2256.0,1946.0,5.0,0.0,23.0,2.0,,2068.0
18137052754518067,17841412177671196,reisebr,R E I S E ®,,0.0,2026-12-04 15:52:00,https://www.instagram.com/stories/reisebr/3873979367835671233,Story do Instagram,,Total,1691.0,1408.0,13.0,3.0,19.0,1.0,46.0,1565.0,2.0
18086279486052794,17841412177671196,reisebr,R E I S E ®,,0.0,2026-12-04 15:51:00,https://www.instagram.com/stories/reisebr/3873979082287477839,Story do Instagram,,Total,1717.0,1460.0,10.0,1.0,3.0,0.0,,1658.0
18008845853894347,17841412177671196,reisebr,R E I S E ®,,0.0,2026-12-04 15:51:00,https://www.instagram.com/stories/reisebr/3873979038188543763,Story do Instagram,,Total,1854.0,1554.0,10.0,1.0,5.0,0.0,,1730.0
1.81047785329234e+16,17841412177671196,reisebr,R E I S E ®,,0.0,2026-12-04 15:51:00,https://www.instagram.com/stories/reisebr/3873978985877169683,Story do Instagram,,Total,1875.0,1593.0,10.0,1.0,4.0,0.0,,1786.0
18112888120786899,17841412177671196,reisebr,R E I S E ®,,0.0,2026-12-04 15:51:00,https://www.instagram.com/stories/reisebr/3873978951609706911,Story do Instagram,,Total,2314.0,1990.0,12.0,0.0,9.0,0.0,,2125.0
18245935846306565,17841412177671196,reisebr,R E I S E ®,,0.0,2026-10-04 12:25:00,https://www.instagram.com/stories/reisebr/3872425494394297043,Story do Instagram,,Total,1394.0,1171.0,7.0,0.0,4.0,1.0,4.0,1343.0
18099271019096445,17841412177671196,reisebr,R E I S E ®,,0.0,2026-10-04 12:24:00,https://www.instagram.com/stories/reisebr/3872425202806228743,Story do Instagram,,Total,1517.0,1247.0,7.0,1.0,3.0,0.0,5.0,1456.0
18105988660906183,17841412177671196,reisebr,R E I S E ®,,0.0,2026-10-04 12:24:00,https://www.instagram.com/stories/reisebr/3872424909909638710,Story do Instagram,,Total,1613.0,1311.0,4.0,0.0,1.0,0.0,6.0,1535.0
18113081629754372,17841412177671196,reisebr,R E I S E ®,,0.0,2026-10-04 12:23:00,https://www.instagram.com/stories/reisebr/3872424443695923708,Story do Instagram,,Total,1909.0,1626.0,7.0,1.0,12.0,0.0,,1767.0,1.0
18102091441938103,17841412177671196,reisebr,R E I S E ®,,0.0,2026-09-04 13:58:00,https://www.instagram.com/stories/reisebr/3871747535475930263,Story do Instagram,,Total,1469.0,1243.0,6.0,0.0,10.0,0.0,6.0,1399.0
17993953757930240,17841412177671196,reisebr,R E I S E ®,,0.0,2026-09-04 13:57:00,https://www.instagram.com/stories/reisebr/3871747101810052372,Story do Instagram,,Total,1575.0,1314.0,5.0,1.0,6.0,1.0,3.0,1514.0,1.0
17885041254497443,17841412177671196,reisebr,R E I S E ®,,0.0,2026-09-04 13:56:00,https://www.instagram.com/stories/reisebr/3871746603291893483,Story do Instagram,,Total,1662.0,1388.0,5.0,1.0,2.0,0.0,14.0,1592.0
17864426442668589,17841412177671196,reisebr,R E I S E ®,,0.0,2026-09-04 09:49:00,https://www.instagram.com/stories/reisebr/3871622452447456438,Story do Instagram,,Total,2172.0,1777.0,10.0,0.0,15.0,2.0,,1955.0,,27.0
17924322318289592,17841412177671196,reisebr,R E I S E ®,,9.0,2026-08-04 13:57:00,https://www.instagram.com/stories/reisebr/3871022531205514135,Story do Instagram,,Total,1247.0,1056.0,2.0,0.0,9.0,2.0,34.0,1150.0,1.0
18096081818019056,17841412177671196,reisebr,R E I S E ®,,18.0,2026-08-04 13:56:00,https://www.instagram.com/stories/reisebr/3871022006196086268,Story do Instagram,,Total,1237.0,1100.0,3.0,0.0,,0.0,,1193.0
18108727990883399,17841412177671196,reisebr,R E I S E ®,,20.0,2026-08-04 13:56:00,https://www.instagram.com/stories/reisebr/3871021824784028028,Story do Instagram,,Total,1307.0,1154.0,5.0,0.0,5.0,2.0,,1251.0
18074407130206622,17841412177671196,reisebr,R E I S E ®,,11.0,2026-08-04 13:55:00,https://www.instagram.com/stories/reisebr/3871021611226887028,Story do Instagram,,Total,1360.0,1196.0,4.0,0.0,1.0,1.0,,1265.0
18184350454336786,17841412177671196,reisebr,R E I S E ®,,22.0,2026-08-04 13:55:00,https://www.instagram.com/stories/reisebr/3871021497032719811,Story do Instagram,,Total,1695.0,1476.0,3.0,0.0,13.0,0.0,,1551.0
18063075992370145,17841412177671196,reisebr,R E I S E ®,,0.0,2026-06-04 14:05:00,https://www.instagram.com/stories/reisebr/3869576856412479460,Story do Instagram,,Total,1322.0,1093.0,4.0,0.0,8.0,2.0,19.0,1258.0
18053893880517987,17841412177671196,reisebr,R E I S E ®,,0.0,2026-06-04 14:04:00,https://www.instagram.com/stories/reisebr/3869576550681220543,Story do Instagram,,Total,1403.0,1129.0,5.0,1.0,1.0,0.0,,1345.0,1.0
18033563969607734,17841412177671196,reisebr,R E I S E ®,,0.0,2026-06-04 14:04:00,https://www.instagram.com/stories/reisebr/3869576349589529985,Story do Instagram,,Total,1544.0,1157.0,6.0,0.0,3.0,1.0,,1489.0
18102291907952033,17841412177671196,reisebr,R E I S E ®,,0.0,2026-06-04 13:57:00,https://www.instagram.com/stories/reisebr/3869572906175011089,Story do Instagram,,Total,1556.0,1175.0,8.0,4.0,2.0,2.0,,1464.0
18168998836410385,17841412177671196,reisebr,R E I S E ®,,0.0,2026-06-04 13:57:00,https://www.instagram.com/stories/reisebr/3869572646514026807,Story do Instagram,,Total,1514.0,1251.0,10.0,0.0,2.0,0.0,,1426.0
18076355885634778,17841412177671196,reisebr,R E I S E ®,,0.0,2026-06-04 13:57:00,https://www.instagram.com/stories/reisebr/3869572618907150321,Story do Instagram,,Total,1800.0,1524.0,12.0,1.0,5.0,0.0,,1638.0,1.0
18207093802333705,17841412177671196,reisebr,R E I S E ®,,0.0,2026-05-04 14:20:00,https://www.instagram.com/stories/reisebr/3868859537038061086,Story do Instagram,,Total,1488.0,1227.0,7.0,0.0,5.0,1.0,25.0,1406.0
18548395321066268,17841412177671196,reisebr,R E I S E ®,,0.0,2026-05-04 14:18:00,https://www.instagram.com/stories/reisebr/3868858684470283922,Story do Instagram,,Total,1505.0,1301.0,8.0,0.0,2.0,0.0,,1443.0
17988068507794823,17841412177671196,reisebr,R E I S E ®,,0.0,2026-05-04 14:18:00,https://www.instagram.com/stories/reisebr/3868858569051443550,Story do Instagram,,Total,1553.0,1359.0,5.0,0.0,1.0,0.0,,1497.0
18313088518283289,17841412177671196,reisebr,R E I S E ®,,17.0,2026-05-04 14:18:00,https://www.instagram.com/stories/reisebr/3868858443289414506,Story do Instagram,,Total,1832.0,1490.0,6.0,0.0,5.0,0.0,,1749.0
17870876700598404,17841412177671196,reisebr,R E I S E ®,,0.0,2026-05-04 10:35:00,https://www.instagram.com/stories/reisebr/3868746407482094413,Story do Instagram,,Total,3089.0,2421.0,19.0,1.0,23.0,1.0,,2783.0,,62.0
17946655419154501,17841412177671196,reisebr,R E I S E ®,,0.0,2026-02-04 13:57:00,https://www.instagram.com/stories/reisebr/3866673776012395193,Story do Instagram,,Total,1293.0,1112.0,5.0,0.0,6.0,1.0,27.0,1231.0
18463703296100219,17841412177671196,reisebr,R E I S E ®,,0.0,2026-02-04 13:57:00,https://www.instagram.com/stories/reisebr/3866673583888135989,Story do Instagram,,Total,1303.0,1154.0,8.0,0.0,1.0,0.0,,1258.0
18095798594102917,17841412177671196,reisebr,R E I S E ®,,0.0,2026-02-04 13:57:00,https://www.instagram.com/stories/reisebr/3866673560852976163,Story do Instagram,,Total,1330.0,1182.0,5.0,0.0,1.0,0.0,,1290.0
18311413720274208,17841412177671196,reisebr,R E I S E ®,,0.0,2026-02-04 13:57:00,https://www.instagram.com/stories/reisebr/3866673535787850159,Story do Instagram,,Total,1413.0,1240.0,7.0,0.0,2.0,0.0,,1367.0
18018767288658262,17841412177671196,reisebr,R E I S E ®,,0.0,2026-02-04 13:57:00,https://www.instagram.com/stories/reisebr/3866673510890416455,Story do Instagram,,Total,1713.0,1507.0,7.0,0.0,9.0,0.0,,1569.0
18414599386135849,17841412177671196,reisebr,R E I S E ®,,0.0,2026-01-04 13:59:00,https://www.instagram.com/stories/reisebr/3865950193174774695,Story do Instagram,,Total,1292.0,1030.0,7.0,0.0,7.0,0.0,44.0,1208.0,1.0
18113971864670777,17841412177671196,reisebr,R E I S E ®,,0.0,2026-01-04 13:59:00,https://www.instagram.com/stories/reisebr/3865950002258469117,Story do Instagram,,Total,1341.0,1096.0,5.0,0.0,6.0,0.0,,1278.0
18098399264292385,17841412177671196,reisebr,R E I S E ®,,0.0,2026-01-04 13:59:00,https://www.instagram.com/stories/reisebr/3865949977377879423,Story do Instagram,,Total,1379.0,1146.0,6.0,0.0,1.0,1.0,,1314.0
18095415676863913,17841412177671196,reisebr,R E I S E ®,,0.0,2026-01-04 13:59:00,https://www.instagram.com/stories/reisebr/3865949955433279662,Story do Instagram,,Total,1681.0,1441.0,8.0,0.0,10.0,1.0,,1535.0,1.0
17932837977232692,17841412177671196,reisebr,R E I S E ®,,19.0,03/31/2026 13:56,https://www.instagram.com/stories/reisebr/3865223868436800961,Story do Instagram,,Total,1181.0,1063.0,3.0,0.0,9.0,0.0,26.0,1126.0,1.0
18099585385958277,17841412177671196,reisebr,R E I S E ®,,13.0,03/31/2026 13:56,https://www.instagram.com/stories/reisebr/3865223587133236700,Story do Instagram,,Total,1188.0,1105.0,2.0,0.0,2.0,0.0,,1148.0
18045333686753537,17841412177671196,reisebr,R E I S E ®,,6.0,03/31/2026 13:56,https://www.instagram.com/stories/reisebr/3865223531483195508,Story do Instagram,,Total,1243.0,1162.0,2.0,0.0,1.0,0.0,,1188.0
18574880353014827,17841412177671196,reisebr,R E I S E ®,,12.0,03/31/2026 13:55,https://www.instagram.com/stories/reisebr/3865223305141786603,Story do Instagram,,Total,1355.0,1260.0,2.0,0.0,3.0,0.0,,1294.0
18184192132333039,17841412177671196,reisebr,R E I S E ®,,9.0,03/31/2026 13:55,https://www.instagram.com/stories/reisebr/3865223258643737798,Story do Instagram,,Total,1839.0,1628.0,4.0,1.0,12.0,0.0,,1658.0
18441123526114335,17841412177671196,reisebr,R E I S E ®,,0.0,03/30/2026 14:02,https://www.instagram.com/stories/reisebr/3864501895364726933,Story do Instagram,,Total,1345.0,1086.0,7.0,1.0,7.0,1.0,28.0,1272.0
18084338636358095,17841412177671196,reisebr,R E I S E ®,,0.0,03/30/2026 14:01,https://www.instagram.com/stories/reisebr/3864501629865255856,Story do Instagram,,Total,1456.0,1136.0,7.0,1.0,1.0,0.0,19.0,1386.0
18097327346049488,17841412177671196,reisebr,R E I S E ®,,0.0,03/30/2026 14:01,https://www.instagram.com/stories/reisebr/3864501464567746310,Story do Instagram,,Total,1505.0,1184.0,8.0,1.0,,0.0,23.0,1420.0
18093659165033203,17841412177671196,reisebr,R E I S E ®,,0.0,03/30/2026 14:01,https://www.instagram.com/stories/reisebr/3864501209679912709,Story do Instagram,,Total,1565.0,1240.0,7.0,0.0,5.0,0.0,15.0,1469.0
18104829337922754,17841412177671196,reisebr,R E I S E ®,,0.0,03/30/2026 13:58,https://www.instagram.com/stories/reisebr/3864499907046511731,Story do Instagram,,Total,2139.0,1775.0,8.0,2.0,10.0,0.0,,1676.0
17944343892145199,17841412177671196,reisebr,R E I S E ®,,0.0,03/29/2026 06:34,https://www.instagram.com/stories/reisebr/3863551907654952765,Story do Instagram,,Total,1448.0,1358.0,3.0,0.0,6.0,0.0,,1401.0
17968491950888999,17841412177671196,reisebr,R E I S E ®,,0.0,03/29/2026 06:34,https://www.instagram.com/stories/reisebr/3863551889879488341,Story do Instagram,,Total,1490.0,1414.0,3.0,0.0,4.0,0.0,,1451.0,,8.0
18130765183558876,17841412177671196,reisebr,R E I S E ®,,0.0,03/29/2026 06:34,https://www.instagram.com/stories/reisebr/3863551866089414704,Story do Instagram,,Total,1552.0,1485.0,4.0,0.0,2.0,0.0,,1495.0
18188095393364666,17841412177671196,reisebr,R E I S E ®,,0.0,03/29/2026 06:34,https://www.instagram.com/stories/reisebr/3863551690406756725,Story do Instagram,,Total,1622.0,1538.0,3.0,0.0,4.0,0.0,,1578.0,,4.0
18421332019120709,17841412177671196,reisebr,R E I S E ®,,0.0,03/29/2026 06:34,https://www.instagram.com/stories/reisebr/3863551669418467581,Story do Instagram,,Total,1726.0,1613.0,3.0,0.0,2.0,0.0,,1664.0,,2.0
18096376736099389,17841412177671196,reisebr,R E I S E ®,,0.0,03/29/2026 06:34,https://www.instagram.com/stories/reisebr/3863551647884942866,Story do Instagram,,Total,1837.0,1695.0,3.0,0.0,2.0,0.0,,1749.0,,12.0
18102607673303999,17841412177671196,reisebr,R E I S E ®,,0.0,03/29/2026 06:34,https://www.instagram.com/stories/reisebr/3863551625420266524,Story do Instagram,,Total,2351.0,2125.0,7.0,0.0,13.0,0.0,,2169.0,1.0
17858756958622673,17841412177671196,reisebr,R E I S E ®,,16.0,03/27/2026 12:33,https://www.instagram.com/stories/reisebr/3862282928537562506,Story do Instagram,,Total,1210.0,1059.0,4.0,0.0,7.0,0.0,34.0,1151.0
18574684129017473,17841412177671196,reisebr,R E I S E ®,,26.0,03/27/2026 12:33,https://www.instagram.com/stories/reisebr/3862282704779811296,Story do Instagram,,Total,1312.0,1118.0,4.0,0.0,1.0,2.0,16.0,1260.0
18110102695697436,17841412177671196,reisebr,R E I S E ®,,27.0,03/27/2026 12:32,https://www.instagram.com/stories/reisebr/3862282259151843312,Story do Instagram,,Total,1407.0,1157.0,4.0,0.0,4.0,0.0,11.0,1353.0
17930572368237209,17841412177671196,reisebr,R E I S E ®,,24.0,03/27/2026 12:31,https://www.instagram.com/stories/reisebr/3862281926786779326,Story do Instagram,,Total,1470.0,1239.0,4.0,1.0,2.0,0.0,34.0,1380.0
18439804444116718,17841412177671196,reisebr,R E I S E ®,,16.0,03/27/2026 12:30,https://www.instagram.com/stories/reisebr/3862281261922505917,Story do Instagram,,Total,1698.0,1537.0,3.0,0.0,17.0,0.0,,1546.0
18087258782353144,17841412177671196,reisebr,R E I S E ®,,10.0,03/25/2026 13:54,https://www.instagram.com/stories/reisebr/3860873961999531422,Story do Instagram,,Total,1243.0,1038.0,3.0,0.0,4.0,4.0,40.0,1156.0
18097296889815741,17841412177671196,reisebr,R E I S E ®,,13.0,03/25/2026 13:53,https://www.instagram.com/stories/reisebr/3860873481810416576,Story do Instagram,,Total,1309.0,1100.0,1.0,2.0,6.0,2.0,,1159.0
18098348303056264,17841412177671196,reisebr,R E I S E ®,>>,9.0,03/25/2026 13:52,https://www.instagram.com/stories/reisebr/3860873137080593179,Story do Instagram,,Total,1303.0,1138.0,2.0,0.0,1.0,0.0,,1221.0
18098038784082013,17841412177671196,reisebr,R E I S E ®,,9.0,03/25/2026 13:52,https://www.instagram.com/stories/reisebr/3860872974719120604,Story do Instagram,,Total,1335.0,1207.0,2.0,0.0,5.0,0.0,,1241.0
17980451075979586,17841412177671196,reisebr,R E I S E ®,,12.0,03/25/2026 13:52,https://www.instagram.com/stories/reisebr/3860872801225925975,Story do Instagram,,Total,1784.0,1597.0,5.0,3.0,8.0,0.0,,1602.0
17989288292786773,17841412177671196,reisebr,R E I S E ®,,0.0,03/24/2026 13:57,https://www.instagram.com/stories/reisebr/3860150921426735320,Story do Instagram,,Total,1590.0,1295.0,1.0,0.0,11.0,1.0,28.0,1517.0
17875280031438717,17841412177671196,reisebr,R E I S E ®,,0.0,03/24/2026 13:57,https://www.instagram.com/stories/reisebr/3860150710797158843,Story do Instagram,,Total,1696.0,1364.0,5.0,1.0,5.0,0.0,25.0,1611.0
18099858301758275,17841412177671196,reisebr,R E I S E ®,,0.0,03/24/2026 13:56,https://www.instagram.com/stories/reisebr/3860150451203306532,Story do Instagram,,Total,1776.0,1433.0,3.0,0.0,1.0,0.0,18.0,1689.0
18310951048276534,17841412177671196,reisebr,R E I S E ®,,0.0,03/24/2026 13:56,https://www.instagram.com/stories/reisebr/3860150160714216558,Story do Instagram,,Total,1904.0,1528.0,4.0,0.0,6.0,0.0,27.0,1766.0,1.0
18344019739215465,17841412177671196,reisebr,R E I S E ®,,0.0,03/24/2026 13:56,https://www.instagram.com/stories/reisebr/3860150016589503979,Story do Instagram,,Total,2233.0,1897.0,1.0,0.0,22.0,1.0,,2015.0
18013584203832303,17841412177671196,reisebr,R E I S E ®,,0.0,03/22/2026 14:03,https://www.instagram.com/stories/reisebr/3858704137961725361,Story do Instagram,,Total,1324.0,1211.0,2.0,0.0,5.0,1.0,25.0,1249.0,1.0
18043247270770876,17841412177671196,reisebr,R E I S E ®,,0.0,03/22/2026 14:03,https://www.instagram.com/stories/reisebr/3858703996672368484,Story do Instagram,,Total,1366.0,1264.0,2.0,0.0,1.0,0.0,,1320.0
18088019309224061,17841412177671196,reisebr,R E I S E ®,,0.0,03/22/2026 14:03,https://www.instagram.com/stories/reisebr/3858703975138814213,Story do Instagram,,Total,1444.0,1309.0,2.0,0.0,3.0,1.0,,1398.0
18331229503218930,17841412177671196,reisebr,R E I S E ®,,0.0,03/22/2026 14:02,https://www.instagram.com/stories/reisebr/3858703952581880150,Story do Instagram,,Total,1562.0,1394.0,4.0,0.0,4.0,0.0,,1493.0
18129100150560323,17841412177671196,reisebr,R E I S E ®,,10.0,2026-09-04 13:55:00,https://www.instagram.com/stories/reisebr/3871746156078398491,Story do Instagram,,Total,1807.0,1497.0,3.0,0.0,4.0,0.0,,1722.0
17953473038938352,17841412177671196,reisebr,R E I S E ®,,12.0,2026-07-02 12:32:00,https://www.instagram.com/stories/reisebr/3827523395697317919,Story do Instagram,,Total,2599.0,2204.0,1.0,0.0,9.0,2.0,,2373.0,1.0
18097567942820590,17841412177671196,reisebr,R E I S E ®,,0.0,2026-06-02 11:32:00,https://www.instagram.com/stories/reisebr/3826768102646471588,Story do Instagram,,Total,1744.0,1438.0,7.0,1.0,7.0,0.0,12.0,1653.0
18084565961595802,17841412177671196,reisebr,R E I S E ®,,19.0,03/20/2026 12:31,https://www.instagram.com/stories/reisebr/3857208205306881897,Story do Instagram,,Total,1138.0,1026.0,3.0,0.0,2.0,3.0,13.0,1091.0
18094054087864572,17841412177671196,reisebr,R E I S E ®,,16.0,03/20/2026 12:30,https://www.instagram.com/stories/reisebr/3857207724178246063,Story do Instagram,,Total,1177.0,1063.0,4.0,0.0,1.0,1.0,,1126.0,1.0
18083683817032950,17841412177671196,reisebr,R E I S E ®,,56.0,03/20/2026 12:29,https://www.instagram.com/stories/reisebr/3857207432430864794,Story do Instagram,,Total,1308.0,1104.0,7.0,1.0,,0.0,16.0,1232.0
18099777160941886,17841412177671196,reisebr,R E I S E ®,,38.0,03/20/2026 12:28,https://www.instagram.com/stories/reisebr/3857206808905617542,Story do Instagram,,Total,1412.0,1188.0,8.0,0.0,,1.0,15.0,1329.0
18005882162899889,17841412177671196,reisebr,R E I S E ®,,39.0,03/20/2026 12:27,https://www.instagram.com/stories/reisebr/3857206235418447053,Story do Instagram,,Total,1747.0,1520.0,9.0,0.0,7.0,0.0,10.0,1611.0,2.0
17957023563084520,17841412177671196,reisebr,R E I S E ®,,0.0,03/18/2026 14:12,https://www.instagram.com/stories/reisebr/3855809802140201887,Story do Instagram,,Total,1523.0,1269.0,5.0,0.0,17.0,1.0,,1427.0
18104409325698404,17841412177671196,reisebr,R E I S E ®,,0.0,03/18/2026 14:12,https://www.instagram.com/stories/reisebr/3855809493305223369,Story do Instagram,,Total,1606.0,1339.0,9.0,0.0,4.0,0.0,,1510.0
17968789248036837,17841412177671196,reisebr,R E I S E ®,,26.0,03/18/2026 14:12,https://www.instagram.com/stories/reisebr/3855809427655981292,Story do Instagram,,Total,1972.0,1691.0,9.0,0.0,11.0,0.0,,1811.0
18084905576002308,17841412177671196,reisebr,R E I S E ®,,0.0,03/17/2026 14:05,https://www.instagram.com/stories/reisebr/3855081470318729834,Story do Instagram,,Total,1380.0,1124.0,6.0,2.0,5.0,2.0,7.0,1299.0
18353090068235353,17841412177671196,reisebr,R E I S E ®,,0.0,03/17/2026 14:05,https://www.instagram.com/stories/reisebr/3855081196732642259,Story do Instagram,,Total,1439.0,1198.0,4.0,0.0,2.0,0.0,12.0,1359.0
17875318350432243,17841412177671196,reisebr,R E I S E ®,,0.0,03/17/2026 14:04,https://www.instagram.com/stories/reisebr/3855080907745097159,Story do Instagram,,Total,1454.0,1264.0,4.0,0.0,3.0,1.0,6.0,1366.0
18090357257468555,17841412177671196,reisebr,R E I S E ®,,0.0,03/17/2026 14:03,https://www.instagram.com/stories/reisebr/3855080284748379555,Story do Instagram,,Total,1798.0,1592.0,3.0,0.0,15.0,0.0,,1626.0
18102386917898812,17841412177671196,reisebr,R E I S E ®,,0.0,03/16/2026 14:08,https://www.instagram.com/stories/reisebr/3854358181090800238,Story do Instagram,,Total,1322.0,1182.0,5.0,0.0,13.0,0.0,8.0,1255.0
18115120492727838,17841412177671196,reisebr,R E I S E ®,RS3 BRANCO,0.0,03/16/2026 14:08,https://www.instagram.com/stories/reisebr/3854357909719318550,Story do Instagram,,Total,1385.0,1236.0,3.0,0.0,7.0,0.0,,1321.0
18245908651306538,17841412177671196,reisebr,R E I S E ®,,0.0,03/16/2026 14:07,https://www.instagram.com/stories/reisebr/3854357741225743776,Story do Instagram,,Total,1426.0,1276.0,5.0,0.0,7.0,0.0,4.0,1363.0,1.0
18118772416718150,17841412177671196,reisebr,R E I S E ®,RSX BRANCO,0.0,03/16/2026 14:06,https://www.instagram.com/stories/reisebr/3854357301427779472,Story do Instagram,,Total,1521.0,1352.0,5.0,0.0,1.0,0.0,,1441.0
17914701120145534,17841412177671196,reisebr,R E I S E ®,,0.0,03/16/2026 14:06,https://www.instagram.com/stories/reisebr/3854357141415083517,Story do Instagram,,Total,1894.0,1668.0,2.0,1.0,7.0,0.0,,1709.0
18091548406888419,17841412177671196,reisebr,R E I S E ®,,30.0,03/13/2026 12:30,https://www.instagram.com/stories/reisebr/3852134407222179089,Story do Instagram,,Total,1357.0,1152.0,2.0,0.0,8.0,1.0,20.0,1300.0
18065263025322479,17841412177671196,reisebr,R E I S E ®,,39.0,03/13/2026 12:29,https://www.instagram.com/stories/reisebr/3852134023694986376,Story do Instagram,,Total,1464.0,1227.0,6.0,0.0,1.0,0.0,27.0,1391.0
17990925923931870,17841412177671196,reisebr,R E I S E ®,,32.0,03/13/2026 12:28,https://www.instagram.com/stories/reisebr/3852133537373849894,Story do Instagram,,Total,1584.0,1292.0,6.0,0.0,1.0,1.0,18.0,1512.0
18084175553205846,17841412177671196,reisebr,R E I S E ®,,0.0,03/13/2026 12:27,https://www.instagram.com/stories/reisebr/3852133018009947322,Story do Instagram,,Total,1944.0,1604.0,3.0,0.0,11.0,0.0,,1747.0
18129714604545288,17841412177671196,reisebr,R E I S E ®,,9.0,2026-11-03 14:02:00,https://www.instagram.com/stories/reisebr/3850731074523620951,Story do Instagram,,Total,1034.0,940.0,2.0,0.0,10.0,2.0,22.0,984.0
18086563789961010,17841412177671196,reisebr,R E I S E ®,,45.0,2026-11-03 14:01:00,https://www.instagram.com/stories/reisebr/3850730808906692163,Story do Instagram,,Total,1057.0,987.0,0.0,0.0,1.0,0.0,,1025.0,1.0
18096695548790196,17841412177671196,reisebr,R E I S E ®,,21.0,2026-11-03 14:01:00,https://www.instagram.com/stories/reisebr/3850730593076233402,Story do Instagram,,Total,1118.0,1027.0,1.0,0.0,2.0,0.0,,1075.0
18101078626733647,17841412177671196,reisebr,R E I S E ®,,14.0,2026-11-03 14:00:00,https://www.instagram.com/stories/reisebr/3850730353766026557,Story do Instagram,,Total,1209.0,1080.0,2.0,0.0,2.0,0.0,,1138.0
18106885261657266,17841412177671196,reisebr,R E I S E ®,,11.0,2026-11-03 14:00:00,https://www.instagram.com/stories/reisebr/3850730206990549053,Story do Instagram,,Total,1278.0,1143.0,2.0,0.0,1.0,1.0,,1208.0
17942252484140479,17841412177671196,reisebr,R E I S E ®,,12.0,2026-11-03 14:00:00,https://www.instagram.com/stories/reisebr/3850730040988396652,Story do Instagram,,Total,1596.0,1441.0,3.0,0.0,8.0,0.0,,1465.0
18169417840398066,17841412177671196,reisebr,R E I S E ®,,0.0,2026-10-03 15:24:00,https://www.instagram.com/stories/reisebr/3850047881046755103,Story do Instagram,,Total,2096.0,1828.0,1.0,0.0,10.0,0.0,,1307.0
18095829889821230,17841412177671196,reisebr,R E I S E ®,@reisebr.post,0.0,2026-10-03 14:01:00,https://www.instagram.com/stories/reisebr/3850005885812829254,Story do Instagram,,Total,2268.0,1915.0,1.0,1.0,1.0,0.0,,1377.0,1.0,32.0
18404904121177933,17841412177671196,reisebr,R E I S E ®,@reisebr.post,19.0,2026-10-03 14:01:00,https://www.instagram.com/stories/reisebr/3850005761770501012,Story do Instagram,,Total,2403.0,2019.0,2.0,1.0,1.0,1.0,,1452.0,,39.0
18222097183311437,17841412177671196,reisebr,R E I S E ®,,0.0,2026-10-03 13:57:00,https://www.instagram.com/stories/reisebr/3850003883015871213,Story do Instagram,,Total,2457.0,2155.0,1.0,1.0,1.0,0.0,,1533.0,1.0
18176009824384267,17841412177671196,reisebr,R E I S E ®,,0.0,2026-10-03 13:57:00,https://www.instagram.com/stories/reisebr/3850003846651265995,Story do Instagram,,Total,3110.0,2678.0,2.0,1.0,9.0,0.0,,1919.0,1.0
18136163239510482,17841412177671196,reisebr,R E I S E ®,,0.0,2026-09-03 13:52:00,https://www.instagram.com/stories/reisebr/3849276628543323605,Story do Instagram,,Total,1583.0,1388.0,3.0,0.0,7.0,1.0,45.0,1473.0,1.0
17913865716335951,17841412177671196,reisebr,R E I S E ®,,0.0,2026-09-03 13:50:00,https://www.instagram.com/stories/reisebr/3849275598606796059,Story do Instagram,,Total,1624.0,1424.0,6.0,0.0,4.0,0.0,,1559.0
18127837912557397,17841412177671196,reisebr,R E I S E ®,,0.0,2026-09-03 13:50:00,https://www.instagram.com/stories/reisebr/3849275362089961589,Story do Instagram,,Total,1695.0,1482.0,4.0,0.0,1.0,0.0,,1630.0
17914239018330017,17841412177671196,reisebr,R E I S E ®,,0.0,2026-09-03 13:49:00,https://www.instagram.com/stories/reisebr/3849275319870156501,Story do Instagram,,Total,1789.0,1559.0,3.0,0.0,2.0,1.0,,1693.0
17895523608422495,17841412177671196,reisebr,R E I S E ®,,0.0,2026-09-03 13:49:00,https://www.instagram.com/stories/reisebr/3849275116630921490,Story do Instagram,,Total,2296.0,1992.0,6.0,0.0,11.0,1.0,,2078.0,1.0
17863458216601097,17841412177671196,reisebr,R E I S E ®,,0.0,2026-08-03 14:49:00,https://www.instagram.com/stories/reisebr/3848580718289074458,Story do Instagram,,Total,1737.0,1520.0,4.0,0.0,3.0,0.0,7.0,1638.0
18064348229653989,17841412177671196,reisebr,R E I S E ®,,0.0,2026-08-03 14:49:00,https://www.instagram.com/stories/reisebr/3848580587720358675,Story do Instagram,,Total,1786.0,1595.0,2.0,0.0,3.0,0.0,,1711.0
17950513407105702,17841412177671196,reisebr,R E I S E ®,,0.0,2026-08-03 14:49:00,https://www.instagram.com/stories/reisebr/3848580548377786200,Story do Instagram,,Total,1931.0,1693.0,3.0,0.0,4.0,0.0,,1828.0
18099796081931928,17841412177671196,reisebr,R E I S E ®,,0.0,2026-08-03 14:49:00,https://www.instagram.com/stories/reisebr/3848580515242798094,Story do Instagram,,Total,2577.0,2222.0,2.0,0.0,10.0,0.0,,2337.0
17857926885565685,17841412177671196,reisebr,R E I S E ®,,0.0,2026-06-03 11:23:00,https://www.instagram.com/stories/reisebr/3847057663226108653,Story do Instagram,,Total,1744.0,1370.0,8.0,0.0,7.0,1.0,26.0,1642.0
18567551512041283,17841412177671196,reisebr,R E I S E ®,,0.0,2026-06-03 11:23:00,https://www.instagram.com/stories/reisebr/3847057326104771642,Story do Instagram,,Total,1947.0,1458.0,7.0,0.0,8.0,0.0,21.0,1825.0
18067505105647657,17841412177671196,reisebr,R E I S E ®,,0.0,2026-06-03 11:22:00,https://www.instagram.com/stories/reisebr/3847056985451785815,Story do Instagram,,Total,2007.0,1564.0,6.0,0.0,6.0,0.0,32.0,1844.0
17953800453099614,17841412177671196,reisebr,R E I S E ®,,0.0,2026-06-03 11:21:00,https://www.instagram.com/stories/reisebr/3847056376497505251,Story do Instagram,,Total,2333.0,2014.0,6.0,1.0,9.0,1.0,,2124.0,2.0
17876317737519816,17841412177671196,reisebr,R E I S E ®,,15.0,2026-05-03 12:02:00,https://www.instagram.com/stories/reisebr/3846352302676473377,Story do Instagram,,Total,1695.0,1474.0,4.0,1.0,27.0,1.0,,1578.0,2.0
17878362201393248,17841412177671196,reisebr,R E I S E ®,,7.0,2026-05-03 12:02:00,https://www.instagram.com/stories/reisebr/3846352125106444008,Story do Instagram,,Total,1747.0,1547.0,1.0,0.0,3.0,0.0,,1648.0,1.0
18144831349466854,17841412177671196,reisebr,R E I S E ®,,13.0,2026-05-03 12:01:00,https://www.instagram.com/stories/reisebr/3846351671819594625,Story do Instagram,,Total,1867.0,1646.0,2.0,0.0,6.0,0.0,,1730.0
18083621296990193,17841412177671196,reisebr,R E I S E ®,,10.0,2026-05-03 12:01:00,https://www.instagram.com/stories/reisebr/3846351608116490538,Story do Instagram,,Total,2450.0,2068.0,3.0,0.0,16.0,0.0,,2187.0
17893262679430482,17841412177671196,reisebr,R E I S E ®,,15.0,2026-04-03 12:59:00,https://www.instagram.com/stories/reisebr/3845656250319195452,Story do Instagram,,Total,1377.0,1205.0,4.0,0.0,8.0,2.0,,1302.0
18077874089614843,17841412177671196,reisebr,R E I S E ®,,0.0,2026-04-03 12:56:00,https://www.instagram.com/stories/reisebr/3845654606529512649,Story do Instagram,,Total,1441.0,1249.0,5.0,0.0,5.0,18.0,,1387.0
18398186395183639,17841412177671196,reisebr,R E I S E ®,,13.0,2026-04-03 12:49:00,https://www.instagram.com/stories/reisebr/3845651376336627606,Story do Instagram,,Total,1473.0,1292.0,2.0,0.0,2.0,1.0,,1396.0
18101138989916467,17841412177671196,reisebr,R E I S E ®,,10.0,2026-04-03 12:49:00,https://www.instagram.com/stories/reisebr/3845651118252744066,Story do Instagram,,Total,1545.0,1378.0,5.0,0.0,2.0,1.0,,1456.0
17905213404203063,17841412177671196,reisebr,R E I S E ®,,13.0,2026-04-03 12:49:00,https://www.instagram.com/stories/reisebr/3845650996190109182,Story do Instagram,,Total,1824.0,1593.0,5.0,0.0,3.0,3.0,,1682.0
17857090851619370,17841412177671196,reisebr,R E I S E ®,,0.0,2026-04-03 03:35:00,https://www.instagram.com/stories/reisebr/3845372427203661470,Story do Instagram,,Total,1615.0,1312.0,10.0,0.0,1.0,0.0,,1537.0
18090222323120974,17841412177671196,reisebr,R E I S E ®,,0.0,2026-04-03 03:35:00,https://www.instagram.com/stories/reisebr/3845372277601269083,Story do Instagram,,Total,1777.0,1402.0,10.0,0.0,5.0,1.0,,1679.0
17883090183460695,17841412177671196,reisebr,R E I S E ®,,0.0,2026-04-03 03:35:00,https://www.instagram.com/stories/reisebr/3845372177348985685,Story do Instagram,,Total,2078.0,1735.0,10.0,0.0,1.0,1.0,,1892.0
17982035183969306,17841412177671196,reisebr,R E I S E ®,,0.0,2026-03-03 12:52:00,https://www.instagram.com/stories/reisebr/3844927741816860254,Story do Instagram,,Total,1682.0,1424.0,4.0,0.0,11.0,2.0,,1577.0
18090207142886880,17841412177671196,reisebr,R E I S E ®,,19.0,2026-03-03 12:51:00,https://www.instagram.com/stories/reisebr/3844927608991642965,Story do Instagram,,Total,1740.0,1487.0,3.0,0.0,4.0,0.0,32.0,1615.0
18095542129993143,17841412177671196,reisebr,R E I S E ®,,17.0,2026-03-03 12:50:00,https://www.instagram.com/stories/reisebr/3844926880189348409,Story do Instagram,,Total,1808.0,1552.0,4.0,0.0,6.0,0.0,,1695.0
18313117171270896,17841412177671196,reisebr,R E I S E ®,,0.0,2026-03-03 12:27:00,https://www.instagram.com/stories/reisebr/3844915362353772699,Story do Instagram,,Total,1921.0,1608.0,4.0,0.0,2.0,1.0,,1781.0
17849846454643271,17841412177671196,reisebr,R E I S E ®,,20.0,2026-03-03 12:27:00,https://www.instagram.com/stories/reisebr/3844915212281532284,Story do Instagram,,Total,2137.0,1735.0,3.0,0.0,5.0,0.0,,2016.0,1.0
17865488994502711,17841412177671196,reisebr,R E I S E ®,,0.0,2026-03-03 12:26:00,https://www.instagram.com/stories/reisebr/3844914806465824882,Story do Instagram,,Total,2651.0,2190.0,4.0,0.0,9.0,0.0,,2383.0,1.0
18100087247501438,17841412177671196,reisebr,R E I S E ®,,0.0,2026-02-03 13:03:00,https://www.instagram.com/stories/reisebr/3844208953093910456,Story do Instagram,,Total,1779.0,1464.0,6.0,2.0,9.0,1.0,58.0,1639.0,1.0
18057875984398643,17841412177671196,reisebr,R E I S E ®,,0.0,2026-02-03 13:03:00,https://www.instagram.com/stories/reisebr/3844208565028477936,Story do Instagram,,Total,1791.0,1518.0,4.0,0.0,3.0,0.0,,1720.0
17939070000013582,17841412177671196,reisebr,R E I S E ®,,0.0,2026-02-03 13:02:00,https://www.instagram.com/stories/reisebr/3844208437345496893,Story do Instagram,,Total,1890.0,1604.0,4.0,0.0,1.0,0.0,,1810.0
18092999684292864,17841412177671196,reisebr,R E I S E ®,,0.0,2026-02-03 13:02:00,https://www.instagram.com/stories/reisebr/3844208290486117837,Story do Instagram,,Total,1953.0,1702.0,6.0,1.0,8.0,0.0,,1857.0
18098820995482955,17841412177671196,reisebr,R E I S E ®,,0.0,2026-02-03 13:02:00,https://www.instagram.com/stories/reisebr/3844208103898294499,Story do Instagram,,Total,2504.0,2239.0,3.0,0.0,14.0,0.0,,2317.0,1.0
18106733848818290,17841412177671196,reisebr,R E I S E ®,,8.0,02/27/2026 11:30,https://www.instagram.com/stories/reisebr/3841987385370467786,Story do Instagram,,Total,1787.0,1514.0,2.0,0.0,12.0,1.0,82.0,1647.0
18072760475450441,17841412177671196,reisebr,R E I S E ®,,16.0,02/27/2026 11:29,https://www.instagram.com/stories/reisebr/3841987128897145718,Story do Instagram,,Total,1799.0,1588.0,2.0,0.0,,0.0,,1664.0
18382684624159712,17841412177671196,reisebr,R E I S E ®,,8.0,02/27/2026 11:29,https://www.instagram.com/stories/reisebr/3841986836830983286,Story do Instagram,,Total,1933.0,1730.0,1.0,0.0,6.0,0.0,,1782.0
18001911479893110,17841412177671196,reisebr,R E I S E ®,,16.0,02/27/2026 11:28,https://www.instagram.com/stories/reisebr/3841986596497355642,Story do Instagram,,Total,2620.0,2264.0,3.0,1.0,18.0,1.0,,2339.0
18104338903868924,17841412177671196,reisebr,R E I S E ®,,10.0,02/25/2026 13:01,https://www.instagram.com/stories/reisebr/3840583864976744859,Story do Instagram,,Total,1376.0,1177.0,3.0,0.0,12.0,1.0,21.0,1312.0
17984831207956843,17841412177671196,reisebr,R E I S E ®,,0.0,02/25/2026 13:00,https://www.instagram.com/stories/reisebr/3840583315413908583,Story do Instagram,,Total,1429.0,1259.0,1.0,0.0,1.0,0.0,,1385.0
18068597834223059,17841412177671196,reisebr,R E I S E ®,,20.0,02/25/2026 13:00,https://www.instagram.com/stories/reisebr/3840583321319500414,Story do Instagram,,Total,1490.0,1339.0,2.0,0.0,3.0,0.0,,1419.0
17850430665638526,17841412177671196,reisebr,R E I S E ®,,0.0,02/25/2026 13:00,https://www.instagram.com/stories/reisebr/3840583196345965226,Story do Instagram,,Total,1920.0,1737.0,1.0,0.0,5.0,0.0,,1756.0,2.0
17987010893939743,17841412177671196,reisebr,R E I S E ®,,0.0,02/24/2026 12:58,https://www.instagram.com/stories/reisebr/3839857513286141493,Story do Instagram,,Total,1486.0,1309.0,4.0,0.0,10.0,0.0,8.0,1416.0
18057247898405940,17841412177671196,reisebr,R E I S E ®,,0.0,02/24/2026 12:57,https://www.instagram.com/stories/reisebr/3839857156485139160,Story do Instagram,,Total,1568.0,1389.0,6.0,0.0,1.0,0.0,,1522.0
17945939052111376,17841412177671196,reisebr,R E I S E ®,,0.0,02/24/2026 12:57,https://www.instagram.com/stories/reisebr/3839857127544404036,Story do Instagram,,Total,1665.0,1456.0,8.0,0.0,6.0,0.0,,1602.0
18105432850832195,17841412177671196,reisebr,R E I S E ®,,0.0,02/24/2026 12:57,https://www.instagram.com/stories/reisebr/3839857103838234825,Story do Instagram,,Total,1736.0,1535.0,8.0,0.0,3.0,0.0,,1653.0
18086627867585298,17841412177671196,reisebr,R E I S E ®,,0.0,02/24/2026 12:57,https://www.instagram.com/stories/reisebr/3839857081012845014,Story do Instagram,,Total,1961.0,1680.0,7.0,0.0,4.0,0.0,,1846.0
18131871721515303,17841412177671196,reisebr,R E I S E ®,,0.0,02/24/2026 09:53,https://www.instagram.com/stories/reisebr/3839764399477299626,Story do Instagram,,Total,2524.0,2074.0,22.0,6.0,14.0,1.0,,2267.0,,25.0
18067164695270093,17841412177671196,reisebr,R E I S E ®,,10.0,02/23/2026 12:58,https://www.instagram.com/stories/reisebr/3839132543853637264,Story do Instagram,,Total,1484.0,1327.0,5.0,0.0,4.0,1.0,25.0,1412.0
17875953231528187,17841412177671196,reisebr,R E I S E ®,,0.0,02/23/2026 12:57,https://www.instagram.com/stories/reisebr/3839132155905698553,Story do Instagram,,Total,1476.0,1351.0,4.0,0.0,1.0,0.0,,1423.0
18094281476082173,17841412177671196,reisebr,R E I S E ®,,0.0,02/23/2026 12:57,https://www.instagram.com/stories/reisebr/3839132125706656911,Story do Instagram,,Total,1573.0,1429.0,5.0,0.0,2.0,0.0,,1516.0,1.0
1.80593748863589e+16,17841412177671196,reisebr,R E I S E ®,,0.0,02/23/2026 12:57,https://www.instagram.com/stories/reisebr/3839132102184999053,Story do Instagram,,Total,1648.0,1510.0,6.0,0.0,,0.0,,1589.0
18082417859594997,17841412177671196,reisebr,R E I S E ®,,0.0,02/23/2026 12:57,https://www.instagram.com/stories/reisebr/3839132079284134673,Story do Instagram,,Total,2205.0,1975.0,5.0,1.0,15.0,0.0,,2020.0
18061723310664052,17841412177671196,reisebr,R E I S E ®,,0.0,02/21/2026 14:45,https://www.instagram.com/stories/reisebr/3837737184275273106,Story do Instagram,,Total,1557.0,1461.0,4.0,0.0,5.0,1.0,,1504.0,1.0
17877506547490848,17841412177671196,reisebr,R E I S E ®,,0.0,02/21/2026 14:44,https://www.instagram.com/stories/reisebr/3837736783064932465,Story do Instagram,,Total,1565.0,1466.0,2.0,0.0,,0.0,,1513.0
17905984590359263,17841412177671196,reisebr,R E I S E ®,,0.0,02/21/2026 14:44,https://www.instagram.com/stories/reisebr/3837736728379635807,Story do Instagram,,Total,1639.0,1546.0,3.0,0.0,,0.0,,1591.0
18385895209156984,17841412177671196,reisebr,R E I S E ®,,0.0,02/21/2026 14:44,https://www.instagram.com/stories/reisebr/3837736679004291745,Story do Instagram,,Total,1812.0,1694.0,3.0,0.0,1.0,0.0,,1712.0,1.0
18112170058644247,17841412177671196,reisebr,R E I S E ®,,26.0,02/21/2026 14:44,https://www.instagram.com/stories/reisebr/3837736556471910096,Story do Instagram,,Total,2482.0,2277.0,2.0,0.0,15.0,0.0,,2311.0,2.0
18558175135036406,17841412177671196,reisebr,R E I S E ®,,0.0,02/20/2026 11:29,https://www.instagram.com/stories/reisebr/3836913709197377736,Story do Instagram,,Total,2142.0,1857.0,7.0,0.0,10.0,1.0,25.0,2025.0,2.0
18560896054003955,17841412177671196,reisebr,R E I S E ®,,0.0,02/20/2026 11:28,https://www.instagram.com/stories/reisebr/3836913181059054491,Story do Instagram,,Total,2269.0,1988.0,6.0,0.0,1.0,0.0,21.0,2179.0
18043217975742868,17841412177671196,reisebr,R E I S E ®,,0.0,02/20/2026 11:27,https://www.instagram.com/stories/reisebr/3836912751092532737,Story do Instagram,,Total,2491.0,2155.0,8.0,0.0,5.0,1.0,38.0,2344.0
18067568435636888,17841412177671196,reisebr,R E I S E ®,,0.0,02/20/2026 11:26,https://www.instagram.com/stories/reisebr/3836912246744225977,Story do Instagram,,Total,3049.0,2756.0,4.0,0.0,14.0,0.0,,2812.0
18055016117438616,17841412177671196,reisebr,R E I S E ®,,0.0,02/18/2026 12:57,https://www.instagram.com/stories/reisebr/3835508622768043222,Story do Instagram,,Total,3473.0,3126.0,4.0,0.0,11.0,2.0,24.0,3315.0
18562036978004834,17841412177671196,reisebr,R E I S E ®,,0.0,02/18/2026 12:56,https://www.instagram.com/stories/reisebr/3835507833483923248,Story do Instagram,,Total,3657.0,3294.0,3.0,0.0,8.0,0.0,,3505.0
17879774991470023,17841412177671196,reisebr,R E I S E ®,,0.0,02/18/2026 12:56,https://www.instagram.com/stories/reisebr/3835507763883658608,Story do Instagram,,Total,3992.0,3572.0,7.0,0.0,6.0,0.0,,3774.0
17943730763984270,17841412177671196,reisebr,R E I S E ®,,0.0,02/18/2026 12:56,https://www.instagram.com/stories/reisebr/3835507717620493726,Story do Instagram,,Total,5064.0,4469.0,2.0,0.0,24.0,0.0,,4649.0
18072466934397774,17841412177671196,reisebr,R E I S E ®,,14.0,02/17/2026 13:02,https://www.instagram.com/stories/reisebr/3834786176083521440,Story do Instagram,,Total,2127.0,1859.0,7.0,1.0,14.0,1.0,33.0,2014.0,1.0
17957335866062638,17841412177671196,reisebr,R E I S E ®,,0.0,02/17/2026 13:00,https://www.instagram.com/stories/reisebr/3834785347775607379,Story do Instagram,,Total,2302.0,2016.0,4.0,0.0,10.0,0.0,,2184.0
18310637533280042,17841412177671196,reisebr,R E I S E ®,,0.0,02/17/2026 13:00,https://www.instagram.com/stories/reisebr/3834785323977124030,Story do Instagram,,Total,2947.0,2582.0,5.0,3.0,12.0,0.0,,2679.0
18064530833295698,17841412177671196,reisebr,R E I S E ®,,0.0,02/16/2026 13:45,https://www.instagram.com/stories/reisebr/3834083136359750863,Story do Instagram,,Total,2126.0,1857.0,4.0,2.0,6.0,1.0,13.0,2033.0
18194230513352376,17841412177671196,reisebr,R E I S E ®,,0.0,02/16/2026 13:45,https://www.instagram.com/stories/reisebr/3834082945929950492,Story do Instagram,,Total,2220.0,1959.0,3.0,0.0,4.0,0.0,17.0,2154.0
18028398308792530,17841412177671196,reisebr,R E I S E ®,,0.0,02/16/2026 13:45,https://www.instagram.com/stories/reisebr/3834082740501308162,Story do Instagram,,Total,2390.0,2096.0,8.0,0.0,7.0,0.0,29.0,2287.0
18402767521180942,17841412177671196,reisebr,R E I S E ®,,0.0,02/16/2026 13:43,https://www.instagram.com/stories/reisebr/3834082163801303731,Story do Instagram,,Total,3096.0,2704.0,4.0,0.0,12.0,0.0,,2878.0,1.0
18047193131709359,17841412177671196,reisebr,R E I S E ®,,0.0,02/14/2026 10:58,https://www.instagram.com/stories/reisebr/3832549232159080688,Story do Instagram,,Total,2444.0,2084.0,4.0,1.0,14.0,0.0,25.0,2302.0
18121321993575846,17841412177671196,reisebr,R E I S E ®,,0.0,02/14/2026 10:57,https://www.instagram.com/stories/reisebr/3832548926285264721,Story do Instagram,,Total,3003.0,2700.0,1.0,0.0,13.0,0.0,,2788.0
18055510013691943,17841412177671196,reisebr,R E I S E ®,,0.0,2026-11-02 12:56:00,https://www.instagram.com/stories/reisebr/3830434396025471854,Story do Instagram,,Total,1876.0,1713.0,3.0,0.0,6.0,0.0,,1786.0
18099440803733687,17841412177671196,reisebr,R E I S E ®,,14.0,2026-11-02 12:56:00,https://www.instagram.com/stories/reisebr/3830434380540102428,Story do Instagram,,Total,2564.0,2289.0,3.0,0.0,18.0,1.0,,2353.0
18440438740107303,17841412177671196,reisebr,R E I S E ®,,0.0,2026-10-02 12:59:00,https://www.instagram.com/stories/reisebr/3829711323685051720,Story do Instagram,,Total,1534.0,1346.0,2.0,0.0,9.0,1.0,23.0,1462.0
17849562126635851,17841412177671196,reisebr,R E I S E ®,,0.0,2026-10-02 12:58:00,https://www.instagram.com/stories/reisebr/3829710833010187572,Story do Instagram,,Total,1656.0,1419.0,2.0,0.0,3.0,0.0,,1582.0
18154524208379792,17841412177671196,reisebr,R E I S E ®,,0.0,2026-10-02 12:58:00,https://www.instagram.com/stories/reisebr/3829710810293857642,Story do Instagram,,Total,1761.0,1525.0,0.0,0.0,6.0,0.0,,1662.0
17867877384559272,17841412177671196,reisebr,R E I S E ®,,0.0,2026-10-02 12:58:00,https://www.instagram.com/stories/reisebr/3829710763955163564,Story do Instagram,,Total,2170.0,1930.0,0.0,0.0,6.0,1.0,,1965.0
1.80802622722612e+16,17841412177671196,reisebr,R E I S E ®,,0.0,2026-09-02 13:08:00,https://www.instagram.com/stories/reisebr/3828991144550313437,Story do Instagram,,Total,1557.0,1327.0,4.0,2.0,5.0,0.0,23.0,1466.0
17847061683658186,17841412177671196,reisebr,R E I S E ®,,0.0,2026-09-02 13:08:00,https://www.instagram.com/stories/reisebr/3828990918577951577,Story do Instagram,,Total,1714.0,1392.0,5.0,0.0,,0.0,21.0,1634.0
17882755650450982,17841412177671196,reisebr,R E I S E ®,,0.0,2026-09-02 13:07:00,https://www.instagram.com/stories/reisebr/3828990678890252973,Story do Instagram,,Total,1801.0,1474.0,6.0,3.0,4.0,0.0,37.0,1652.0
18106419691754413,17841412177671196,reisebr,R E I S E ®,,0.0,2026-09-02 13:07:00,https://www.instagram.com/stories/reisebr/3828990186319590335,Story do Instagram,,Total,1981.0,1784.0,2.0,0.0,8.0,0.0,,1839.0,1.0
18109474285672747,17841412177671196,reisebr,R E I S E ®,,0.0,2026-08-02 14:28:00,https://www.instagram.com/stories/reisebr/3828306615447706863,Story do Instagram,,Total,1714.0,1458.0,2.0,1.0,5.0,0.0,9.0,1649.0
18025987376612137,17841412177671196,reisebr,R E I S E ®,,0.0,2026-08-02 14:28:00,https://www.instagram.com/stories/reisebr/3828306451240667697,Story do Instagram,,Total,1861.0,1535.0,1.0,1.0,4.0,0.0,17.0,1779.0
17848154784633377,17841412177671196,reisebr,R E I S E ®,,0.0,2026-08-02 14:28:00,https://www.instagram.com/stories/reisebr/3828306300388317424,Story do Instagram,,Total,2011.0,1641.0,2.0,0.0,8.0,1.0,44.0,1870.0,1.0
18427913533139661,17841412177671196,reisebr,R E I S E ®,,10.0,2026-08-02 14:27:00,https://www.instagram.com/stories/reisebr/3828306098298360558,Story do Instagram,,Total,2499.0,2202.0,3.0,0.0,11.0,0.0,,2279.0
17903993403360326,17841412177671196,reisebr,R E I S E ®,,0.0,2026-07-02 12:34:00,https://www.instagram.com/stories/reisebr/3827524294511531109,Story do Instagram,,Total,1802.0,1482.0,3.0,0.0,7.0,0.0,26.0,1718.0
18083919734270867,17841412177671196,reisebr,R E I S E ®,,0.0,2026-07-02 12:34:00,https://www.instagram.com/stories/reisebr/3827524126630287516,Story do Instagram,,Total,2026.0,1578.0,4.0,1.0,4.0,0.0,81.0,1901.0
17999675987888113,17841412177671196,reisebr,R E I S E ®,,0.0,2026-07-02 12:33:00,https://www.instagram.com/stories/reisebr/3827523951853652356,Story do Instagram,,Total,2041.0,1698.0,1.0,3.0,4.0,0.0,55.0,1900.0
18123285676549560,17841412177671196,reisebr,R E I S E ®,,0.0,2026-09-01 11:22:00,https://www.instagram.com/stories/reisebr/3806469750268705130,Story do Instagram,,Total,2198.0,1946.0,3.0,0.0,11.0,0.0,,1992.0,1.0
18111827380654262,17841412177671196,reisebr,R E I S E ®,,0.0,2026-06-02 11:30:00,https://www.instagram.com/stories/reisebr/3826767410745671225,Story do Instagram,,Total,1823.0,1535.0,5.0,1.0,2.0,0.0,,1765.0
17897395155241374,17841412177671196,reisebr,R E I S E ®,,0.0,2026-06-02 11:30:00,https://www.instagram.com/stories/reisebr/3826767382400541628,Story do Instagram,,Total,1972.0,1639.0,6.0,0.0,3.0,0.0,,1882.0
18120423211510598,17841412177671196,reisebr,R E I S E ®,,0.0,2026-06-02 11:30:00,https://www.instagram.com/stories/reisebr/3826767338393930862,Story do Instagram,,Total,2499.0,2149.0,6.0,0.0,12.0,0.0,,2317.0,1.0
18404800210124050,17841412177671196,reisebr,R E I S E ®,,4.0,2026-05-02 12:55:00,https://www.instagram.com/stories/reisebr/3826085069383600102,Story do Instagram,,Total,1333.0,1187.0,0.0,0.0,5.0,0.0,,1257.0
18112025806655320,17841412177671196,reisebr,R E I S E ®,,7.0,2026-05-02 12:54:00,https://www.instagram.com/stories/reisebr/3826084697155954913,Story do Instagram,,Total,1385.0,1254.0,1.0,0.0,5.0,0.0,,1324.0
17939972985130111,17841412177671196,reisebr,R E I S E ®,,10.0,2026-05-02 12:54:00,https://www.instagram.com/stories/reisebr/3826084596610047614,Story do Instagram,,Total,1522.0,1368.0,0.0,0.0,2.0,0.0,,1445.0
18107281360740029,17841412177671196,reisebr,R E I S E ®,,12.0,2026-05-02 12:53:00,https://www.instagram.com/stories/reisebr/3826084397649052180,Story do Instagram,,Total,2153.0,1897.0,2.0,0.0,10.0,0.0,,1987.0
18055359563394135,17841412177671196,reisebr,R E I S E ®,,0.0,2026-04-02 13:16:00,https://www.instagram.com/stories/reisebr/3825370969875795869,Story do Instagram,,Total,1355.0,1251.0,0.0,0.0,8.0,0.0,,1305.0,1.0
18051721973474185,17841412177671196,reisebr,R E I S E ®,,0.0,2026-04-02 13:16:00,https://www.instagram.com/stories/reisebr/3825370929979564893,Story do Instagram,,Total,1391.0,1286.0,0.0,0.0,,0.0,,1347.0
17959889229051489,17841412177671196,reisebr,R E I S E ®,,0.0,2026-04-02 13:15:00,https://www.instagram.com/stories/reisebr/3825370828108296965,Story do Instagram,,Total,1502.0,1384.0,0.0,0.0,3.0,0.0,,1431.0
17875896051395442,17841412177671196,reisebr,R E I S E ®,,0.0,2026-04-02 13:15:00,https://www.instagram.com/stories/reisebr/3825370438616809875,Story do Instagram,,Total,2110.0,1911.0,0.0,0.0,13.0,0.0,,1929.0
18057654191361264,17841412177671196,reisebr,R E I S E ®,,0.0,2026-03-02 12:40:00,https://www.instagram.com/stories/reisebr/3824628142816433899,Story do Instagram,,Total,1323.0,1093.0,3.0,0.0,8.0,0.0,11.0,1243.0,1.0
18027433544792742,17841412177671196,reisebr,R E I S E ®,,0.0,2026-03-02 12:39:00,https://www.instagram.com/stories/reisebr/3824627931859752589,Story do Instagram,,Total,1380.0,1155.0,3.0,0.0,,0.0,18.0,1299.0
17987607809922277,17841412177671196,reisebr,R E I S E ®,,0.0,2026-03-02 12:39:00,https://www.instagram.com/stories/reisebr/3824627782206978000,Story do Instagram,,Total,1430.0,1218.0,1.0,0.0,1.0,0.0,12.0,1353.0
18090696719103032,17841412177671196,reisebr,R E I S E ®,,0.0,2026-03-02 12:39:00,https://www.instagram.com/stories/reisebr/3824627582155442190,Story do Instagram,,Total,1598.0,1295.0,2.0,0.0,1.0,0.0,15.0,1509.0
17879751006376020,17841412177671196,reisebr,R E I S E ®,,0.0,2026-03-02 12:38:00,https://www.instagram.com/stories/reisebr/3824627350445356288,Story do Instagram,,Total,1661.0,1387.0,4.0,1.0,2.0,1.0,23.0,1552.0
17910023994322360,17841412177671196,reisebr,R E I S E ®,,0.0,2026-03-02 12:38:00,https://www.instagram.com/stories/reisebr/3824627058379167501,Story do Instagram,,Total,2044.0,1818.0,2.0,0.0,6.0,0.0,,1857.0
18118383376595329,17841412177671196,reisebr,R E I S E ®,,0.0,2026-02-02 12:50:00,https://www.instagram.com/stories/reisebr/3823908682853895358,Story do Instagram,,Total,1433.0,1231.0,4.0,0.0,6.0,1.0,19.0,1341.0
18055572623402983,17841412177671196,reisebr,R E I S E ®,,19.0,2026-02-02 12:50:00,https://www.instagram.com/stories/reisebr/3823908342435787255,Story do Instagram,,Total,1453.0,1286.0,1.0,1.0,2.0,0.0,,1369.0,2.0
18213682369314530,17841412177671196,reisebr,R E I S E ®,,0.0,2026-02-02 12:50:00,https://www.instagram.com/stories/reisebr/3823908192682345845,Story do Instagram,,Total,1530.0,1374.0,0.0,0.0,6.0,0.0,,1455.0
17852763921665217,17841412177671196,reisebr,R E I S E ®,,0.0,2026-02-02 12:49:00,https://www.instagram.com/stories/reisebr/3823907974284946808,Story do Instagram,,Total,2034.0,1803.0,2.0,0.0,6.0,0.0,,1867.0
18376848427088845,17841412177671196,reisebr,R E I S E ®,,0.0,2026-01-02 13:29:00,https://www.instagram.com/stories/reisebr/3823203410258820589,Story do Instagram,,Total,1655.0,1450.0,4.0,0.0,6.0,1.0,,1608.0
18313633264265375,17841412177671196,reisebr,R E I S E ®,,0.0,2026-01-02 13:29:00,https://www.instagram.com/stories/reisebr/3823203232470605096,Story do Instagram,,Total,1808.0,1530.0,5.0,0.0,6.0,1.0,,1753.0
18108200194665108,17841412177671196,reisebr,R E I S E ®,,0.0,2026-01-02 13:29:00,https://www.instagram.com/stories/reisebr/3823203209485820918,Story do Instagram,,Total,1994.0,1587.0,8.0,0.0,9.0,1.0,,1926.0
18055627328386783,17841412177671196,reisebr,R E I S E ®,,0.0,2026-01-02 13:29:00,https://www.instagram.com/stories/reisebr/3823203149884799455,Story do Instagram,,Total,2098.0,1690.0,10.0,0.0,1.0,2.0,,1997.0
18073784330615456,17841412177671196,reisebr,R E I S E ®,,0.0,2026-01-02 13:29:00,https://www.instagram.com/stories/reisebr/3823203116472946474,Story do Instagram,,Total,2635.0,2289.0,2.0,0.0,4.0,0.0,,2413.0
18071478359428736,17841412177671196,reisebr,R E I S E ®,,0.0,01/31/2026 12:30,https://www.instagram.com/stories/reisebr/3822448740867321710,Story do Instagram,,Total,1434.0,1259.0,2.0,0.0,3.0,1.0,,1370.0
18093091342982262,17841412177671196,reisebr,R E I S E ®,,0.0,01/31/2026 12:29,https://www.instagram.com/stories/reisebr/3822448551544868591,Story do Instagram,,Total,1509.0,1322.0,1.0,0.0,1.0,0.0,,1452.0
18071130098422557,17841412177671196,reisebr,R E I S E ®,,0.0,01/31/2026 12:29,https://www.instagram.com/stories/reisebr/3822448235923455960,Story do Instagram,,Total,1609.0,1375.0,1.0,0.0,2.0,0.0,,1552.0
18114012205624192,17841412177671196,reisebr,R E I S E ®,,0.0,01/31/2026 12:28,https://www.instagram.com/stories/reisebr/3822448018415263841,Story do Instagram,,Total,1710.0,1442.0,4.0,0.0,2.0,0.0,,1638.0
18090114547845038,17841412177671196,reisebr,R E I S E ®,,0.0,01/31/2026 12:26,https://www.instagram.com/stories/reisebr/3822446800901095401,Story do Instagram,,Total,1786.0,1537.0,5.0,0.0,2.0,1.0,,1711.0
17923298868236465,17841412177671196,reisebr,R E I S E ®,,0.0,01/31/2026 12:26,https://www.instagram.com/stories/reisebr/3822446774493746981,Story do Instagram,,Total,2398.0,2111.0,5.0,0.0,8.0,0.0,,2192.0
18113832820626910,17841412177671196,reisebr,R E I S E ®,,18.0,01/29/2026 12:59,https://www.instagram.com/stories/reisebr/3821013721208678988,Story do Instagram,,Total,1819.0,1292.0,3.0,1.0,9.0,5.0,44.0,1718.0
18403255903127093,17841412177671196,reisebr,R E I S E ®,,24.0,01/29/2026 12:58,https://www.instagram.com/stories/reisebr/3821013400604477098,Story do Instagram,,Total,1966.0,1386.0,7.0,0.0,3.0,1.0,70.0,1826.0
17882653608446920,17841412177671196,reisebr,R E I S E ®,,23.0,01/29/2026 12:57,https://www.instagram.com/stories/reisebr/3821012852249529950,Story do Instagram,,Total,2021.0,1491.0,4.0,1.0,2.0,0.0,51.0,1868.0
18382198156152619,17841412177671196,reisebr,R E I S E ®,,12.0,01/29/2026 12:56,https://www.instagram.com/stories/reisebr/3821012621143407702,Story do Instagram,,Total,2616.0,1995.0,1.0,0.0,13.0,0.0,,2342.0
18071207972454443,17841412177671196,reisebr,R E I S E ®,,0.0,01/28/2026 12:58,https://www.instagram.com/stories/reisebr/3820288613548682083,Story do Instagram,,Total,2307.0,2044.0,2.0,0.0,18.0,0.0,,2089.0,1.0
17914671195275145,17841412177671196,reisebr,R E I S E ®,,0.0,01/27/2026 12:57,https://www.instagram.com/stories/reisebr/3819563228829709277,Story do Instagram,,Total,1395.0,1152.0,6.0,0.0,8.0,1.0,16.0,1332.0
18078886577592915,17841412177671196,reisebr,R E I S E ®,,0.0,01/27/2026 12:56,https://www.instagram.com/stories/reisebr/3819563057039386029,Story do Instagram,,Total,1495.0,1212.0,6.0,1.0,1.0,0.0,7.0,1437.0
17995767788734159,17841412177671196,reisebr,R E I S E ®,,0.0,01/27/2026 12:56,https://www.instagram.com/stories/reisebr/3819562859068217429,Story do Instagram,,Total,1550.0,1254.0,6.0,0.0,3.0,0.0,16.0,1471.0
18054697496420185,17841412177671196,reisebr,R E I S E ®,,0.0,01/27/2026 12:55,https://www.instagram.com/stories/reisebr/3819562555467728317,Story do Instagram,,Total,1580.0,1349.0,3.0,0.0,2.0,0.0,,1480.0
17946702215962170,17841412177671196,reisebr,R E I S E ®,,0.0,01/27/2026 12:55,https://www.instagram.com/stories/reisebr/3819562216223998235,Story do Instagram,,Total,2053.0,1784.0,4.0,0.0,7.0,0.0,,1863.0
18554545402023949,17841412177671196,reisebr,R E I S E ®,,0.0,01/26/2026 12:48,https://www.instagram.com/stories/reisebr/3818834087306133835,Story do Instagram,,Total,1549.0,1290.0,5.0,0.0,5.0,1.0,14.0,1472.0
18109439590634436,17841412177671196,reisebr,R E I S E ®,,0.0,01/26/2026 12:48,https://www.instagram.com/stories/reisebr/3818833793763630777,Story do Instagram,,Total,1650.0,1366.0,4.0,1.0,3.0,0.0,10.0,1574.0
18110172397657324,17841412177671196,reisebr,R E I S E ®,,0.0,01/26/2026 12:47,https://www.instagram.com/stories/reisebr/3818833643976590743,Story do Instagram,,Total,1735.0,1460.0,6.0,1.0,5.0,0.0,27.0,1623.0
18086024780127793,17841412177671196,reisebr,R E I S E ®,,0.0,01/26/2026 12:47,https://www.instagram.com/stories/reisebr/3818833386622491165,Story do Instagram,,Total,2181.0,1877.0,5.0,1.0,4.0,0.0,,2009.0
18076023341524515,17841412177671196,reisebr,R E I S E ®,,0.0,01/25/2026 13:44,https://www.instagram.com/stories/reisebr/3818137509771730185,Story do Instagram,,Total,1702.0,1468.0,2.0,1.0,10.0,0.0,30.0,1618.0
17907471258328368,17841412177671196,reisebr,R E I S E ®,,0.0,01/25/2026 13:44,https://www.instagram.com/stories/reisebr/3818137315634161168,Story do Instagram,,Total,1768.0,1580.0,4.0,0.0,1.0,0.0,,1699.0
18090572353830955,17841412177671196,reisebr,R E I S E ®,,0.0,01/25/2026 13:44,https://www.instagram.com/stories/reisebr/3818137277650524822,Story do Instagram,,Total,1873.0,1650.0,4.0,0.0,3.0,0.0,,1783.0
18085686542131160,17841412177671196,reisebr,R E I S E ®,,0.0,01/25/2026 13:44,https://www.instagram.com/stories/reisebr/3818137254078549233,Story do Instagram,,Total,1991.0,1768.0,4.0,1.0,6.0,0.0,,1880.0
18207406027321325,17841412177671196,reisebr,R E I S E ®,,0.0,01/25/2026 13:44,https://www.instagram.com/stories/reisebr/3818137228744924189,Story do Instagram,,Total,2521.0,2237.0,6.0,0.0,13.0,0.0,,2301.0,1.0
18555969049033679,17841412177671196,reisebr,R E I S E ®,,37.0,01/23/2026 08:17,https://www.instagram.com/stories/reisebr/3816523387057868960,Story do Instagram,,Total,2059.0,1654.0,10.0,0.0,9.0,3.0,,1976.0,1.0
18036281384541490,17841412177671196,reisebr,R E I S E ®,,0.0,01/23/2026 08:16,https://www.instagram.com/stories/reisebr/3816522706313975815,Story do Instagram,,Total,2345.0,1828.0,8.0,3.0,8.0,0.0,22.0,2169.0,1.0
18077774168593227,17841412177671196,reisebr,R E I S E ®,,0.0,01/23/2026 08:15,https://www.instagram.com/stories/reisebr/3816522026811573332,Story do Instagram,,Total,2824.0,2333.0,11.0,1.0,14.0,2.0,,2503.0
17881538817447097,17841412177671196,reisebr,R E I S E ®,,0.0,01/22/2026 06:51,https://www.instagram.com/stories/reisebr/3815755137432871879,Story do Instagram,,Total,1506.0,1333.0,3.0,0.0,16.0,1.0,,1437.0,1.0
17861849445580064,17841412177671196,reisebr,R E I S E ®,,0.0,01/22/2026 06:50,https://www.instagram.com/stories/reisebr/3815754554542030879,Story do Instagram,,Total,1670.0,1408.0,3.0,0.0,2.0,0.0,26.0,1593.0,1.0
18069051644175795,17841412177671196,reisebr,R E I S E ®,,0.0,01/22/2026 06:49,https://www.instagram.com/stories/reisebr/3815754244171898454,Story do Instagram,,Total,1766.0,1487.0,6.0,0.0,4.0,1.0,,1662.0
17937284036997082,17841412177671196,reisebr,R E I S E ®,,0.0,01/22/2026 06:49,https://www.instagram.com/stories/reisebr/3815754221564653982,Story do Instagram,,Total,2147.0,1880.0,5.0,0.0,10.0,0.0,,1968.0,1.0
18071366210384461,17841412177671196,reisebr,R E I S E ®,,21.0,01/21/2026 12:45,https://www.instagram.com/stories/reisebr/3815208620854427386,Story do Instagram,,Total,1210.0,1075.0,3.0,0.0,7.0,0.0,,1178.0
18344127286228167,17841412177671196,reisebr,R E I S E ®,,14.0,01/21/2026 12:44,https://www.instagram.com/stories/reisebr/3815208000063915701,Story do Instagram,,Total,1354.0,1129.0,2.0,0.0,,0.0,24.0,1307.0
17860484478583862,17841412177671196,reisebr,R E I S E ®,,0.0,01/21/2026 12:43,https://www.instagram.com/stories/reisebr/3815207705128844585,Story do Instagram,,Total,1379.0,1172.0,3.0,0.0,2.0,2.0,,1294.0,2.0
18548740300005527,17841412177671196,reisebr,R E I S E ®,,16.0,01/21/2026 12:43,https://www.instagram.com/stories/reisebr/3815207598828409234,Story do Instagram,,Total,1369.0,1228.0,3.0,0.0,1.0,0.0,,1321.0,1.0
18016289300811451,17841412177671196,reisebr,R E I S E ®,,0.0,01/21/2026 12:43,https://www.instagram.com/stories/reisebr/3815207394599306088,Story do Instagram,,Total,1514.0,1337.0,1.0,0.0,5.0,0.0,,1408.0
18090903505988297,17841412177671196,reisebr,R E I S E ®,,17.0,01/21/2026 08:39,https://www.instagram.com/stories/reisebr/3815084987696179022,Story do Instagram,,Total,1456.0,1327.0,3.0,0.0,3.0,0.0,,1407.0
18092411378476455,17841412177671196,reisebr,R E I S E ®,,17.0,01/21/2026 08:39,https://www.instagram.com/stories/reisebr/3815084750030146583,Story do Instagram,,Total,1574.0,1408.0,2.0,0.0,2.0,1.0,33.0,1479.0
18055494911374446,17841412177671196,reisebr,R E I S E ®,,11.0,01/21/2026 08:38,https://www.instagram.com/stories/reisebr/3815084505015683205,Story do Instagram,,Total,1927.0,1702.0,4.0,0.0,18.0,0.0,,1754.0,1.0
18005107106836680,17841412177671196,reisebr,R E I S E ®,,19.0,01/20/2026 12:55,https://www.instagram.com/stories/reisebr/3814488983061729907,Story do Instagram,,Total,1490.0,1236.0,6.0,2.0,9.0,2.0,9.0,1432.0,2.0
17850860157657036,17841412177671196,reisebr,R E I S E ®,,15.0,01/20/2026 12:54,https://www.instagram.com/stories/reisebr/3814488311645941805,Story do Instagram,,Total,1613.0,1311.0,3.0,2.0,7.0,0.0,,1530.0,1.0
18069035192170984,17841412177671196,reisebr,R E I S E ®,,16.0,01/20/2026 12:53,https://www.instagram.com/stories/reisebr/3814487980941839332,Story do Instagram,,Total,1804.0,1493.0,7.0,1.0,6.0,3.0,,1635.0
18055747505658495,17841412177671196,reisebr,R E I S E ®,,10.0,01/20/2026 07:07,https://www.instagram.com/stories/reisebr/3814313619824220034,Story do Instagram,,Total,1380.0,1203.0,2.0,0.0,7.0,0.0,,1324.0
18431268364117177,17841412177671196,reisebr,R E I S E ®,,14.0,01/20/2026 07:06,https://www.instagram.com/stories/reisebr/3814313398960539559,Story do Instagram,,Total,1443.0,1258.0,2.0,0.0,1.0,0.0,21.0,1375.0
18030994064583740,17841412177671196,reisebr,R E I S E ®,,9.0,01/20/2026 07:06,https://www.instagram.com/stories/reisebr/3814312983741209181,Story do Instagram,,Total,1497.0,1337.0,3.0,0.0,1.0,0.0,,1394.0
18071722031111897,17841412177671196,reisebr,R E I S E ®,,13.0,01/20/2026 07:05,https://www.instagram.com/stories/reisebr/3814312872894191868,Story do Instagram,,Total,1812.0,1623.0,3.0,1.0,16.0,2.0,,1667.0,4.0
18085437014122897,17841412177671196,reisebr,R E I S E ®,,0.0,01/19/2026 12:51,https://www.instagram.com/stories/reisebr/3813762319390415325,Story do Instagram,,Total,6163.0,4827.0,3.0,0.0,4.0,1.0,,1457.0,2.0
18418151326136472,17841412177671196,reisebr,R E I S E ®,,0.0,01/19/2026 12:51,https://www.instagram.com/stories/reisebr/3813761891395255410,Story do Instagram,,Total,7010.0,5432.0,1.0,1.0,2.0,0.0,13.0,1554.0
18552259297003047,17841412177671196,reisebr,R E I S E ®,,0.0,01/19/2026 12:50,https://www.instagram.com/stories/reisebr/3813761501920567280,Story do Instagram,,Total,8046.0,5989.0,4.0,2.0,4.0,1.0,,1729.0
17923434948211126,17841412177671196,reisebr,R E I S E ®,,0.0,01/19/2026 12:50,https://www.instagram.com/stories/reisebr/3813761477174170324,Story do Instagram,,Total,9469.0,6503.0,4.0,3.0,3.0,0.0,60.0,1827.0
18123460492536984,17841412177671196,reisebr,R E I S E ®,,0.0,01/19/2026 12:49,https://www.instagram.com/stories/reisebr/3813761205307778888,Story do Instagram,,Total,10830.0,8447.0,5.0,1.0,27.0,0.0,,2169.0,5.0
17964426063008626,17841412177671196,reisebr,R E I S E ®,,0.0,01/18/2026 13:01,https://www.instagram.com/stories/reisebr/3813042106056025889,Story do Instagram,,Total,1843.0,1586.0,7.0,0.0,13.0,1.0,,1736.0,1.0
18070518956421238,17841412177671196,reisebr,R E I S E ®,,0.0,01/18/2026 13:00,https://www.instagram.com/stories/reisebr/3813041963860705416,Story do Instagram,,Total,1973.0,1677.0,9.0,2.0,2.0,0.0,,1867.0
18305407123260119,17841412177671196,reisebr,R E I S E ®,,0.0,01/18/2026 13:00,https://www.instagram.com/stories/reisebr/3813041851352691292,Story do Instagram,,Total,2091.0,1751.0,10.0,2.0,2.0,1.0,,1951.0,1.0
18072305477420376,17841412177671196,reisebr,R E I S E ®,,0.0,01/18/2026 13:00,https://www.instagram.com/stories/reisebr/3813041698982010478,Story do Instagram,,Total,2529.0,2187.0,5.0,1.0,10.0,4.0,,2317.0,1.0
17958392676045936,17841412177671196,reisebr,R E I S E ®,,0.0,01/17/2026 14:53,https://www.instagram.com/stories/reisebr/3812373847295501603,Story do Instagram,,Total,1622.0,1456.0,2.0,0.0,10.0,1.0,,1566.0
18092200138792428,17841412177671196,reisebr,R E I S E ®,,0.0,01/17/2026 14:52,https://www.instagram.com/stories/reisebr/3812373667854750421,Story do Instagram,,Total,1680.0,1535.0,1.0,0.0,1.0,0.0,,1615.0
17922631911214168,17841412177671196,reisebr,R E I S E ®,,0.0,01/17/2026 14:52,https://www.instagram.com/stories/reisebr/3812373513915404497,Story do Instagram,,Total,1789.0,1626.0,1.0,0.0,1.0,0.0,,1728.0
18091455818479643,17841412177671196,reisebr,R E I S E ®,,0.0,01/17/2026 14:52,https://www.instagram.com/stories/reisebr/3812373475730511824,Story do Instagram,,Total,1900.0,1732.0,4.0,0.0,9.0,0.0,,1827.0
18078575978364022,17841412177671196,reisebr,R E I S E ®,,0.0,01/17/2026 14:52,https://www.instagram.com/stories/reisebr/3812373369757235176,Story do Instagram,,Total,2041.0,1840.0,3.0,0.0,5.0,0.0,,1952.0,2.0
17923776939068376,17841412177671196,reisebr,R E I S E ®,,0.0,01/17/2026 14:52,https://www.instagram.com/stories/reisebr/3812373339591750844,Story do Instagram,,Total,2756.0,2447.0,3.0,0.0,18.0,0.0,,2521.0,3.0
17873119191497115,17841412177671196,reisebr,R E I S E ®,,0.0,01/15/2026 12:52,https://www.instagram.com/stories/reisebr/3810863526441515086,Story do Instagram,,Total,1468.0,1295.0,6.0,0.0,7.0,2.0,,1394.0
18088621138865560,17841412177671196,reisebr,R E I S E ®,,0.0,01/15/2026 12:52,https://www.instagram.com/stories/reisebr/3810863500042523328,Story do Instagram,,Total,1533.0,1380.0,3.0,0.0,,0.0,,1462.0,1.0
17862825912562121,17841412177671196,reisebr,R E I S E ®,,0.0,01/15/2026 12:52,https://www.instagram.com/stories/reisebr/3810863471714234101,Story do Instagram,,Total,1649.0,1435.0,3.0,0.0,1.0,0.0,,1573.0
18083979986124092,17841412177671196,reisebr,R E I S E ®,,0.0,01/15/2026 12:52,https://www.instagram.com/stories/reisebr/3810863447253006021,Story do Instagram,,Total,1729.0,1510.0,5.0,0.0,6.0,0.0,,1630.0
18032020457777371,17841412177671196,reisebr,R E I S E ®,,0.0,01/15/2026 12:52,https://www.instagram.com/stories/reisebr/3810863417708348171,Story do Instagram,,Total,2177.0,1940.0,4.0,0.0,11.0,1.0,,1986.0,3.0
1.80914248998016e+16,17841412177671196,reisebr,R E I S E ®,,16.0,01/14/2026 13:00,https://www.instagram.com/stories/reisebr/3810142651429800280,Story do Instagram,,Total,1482.0,1339.0,1.0,0.0,4.0,1.0,39.0,1402.0
18123871828554134,17841412177671196,reisebr,R E I S E ®,,19.0,01/14/2026 12:57,https://www.instagram.com/stories/reisebr/3810141495102084946,Story do Instagram,,Total,1499.0,1396.0,2.0,0.0,5.0,0.0,,1434.0
18032915336760288,17841412177671196,reisebr,R E I S E ®,,13.0,01/14/2026 12:57,https://www.instagram.com/stories/reisebr/3810141390647195250,Story do Instagram,,Total,1622.0,1497.0,3.0,0.0,1.0,0.0,,1524.0,2.0
18093432496750559,17841412177671196,reisebr,R E I S E ®,,12.0,01/14/2026 12:57,https://www.instagram.com/stories/reisebr/3810141337547298966,Story do Instagram,,Total,2167.0,1925.0,3.0,2.0,20.0,0.0,,1970.0,4.0
18073614290580132,17841412177671196,reisebr,R E I S E ®,,24.0,01/13/2026 13:01,https://www.instagram.com/stories/reisebr/3809418673379703240,Story do Instagram,,Total,1505.0,1316.0,12.0,0.0,10.0,2.0,14.0,1440.0,2.0
18062669450290746,17841412177671196,reisebr,R E I S E ®,,23.0,01/13/2026 13:01,https://www.instagram.com/stories/reisebr/3809418355141094766,Story do Instagram,,Total,1673.0,1383.0,9.0,2.0,1.0,0.0,19.0,1587.0,2.0
17912525223273151,17841412177671196,reisebr,R E I S E ®,,23.0,01/13/2026 13:00,https://www.instagram.com/stories/reisebr/3809418052798841835,Story do Instagram,,Total,1798.0,1431.0,13.0,1.0,3.0,1.0,25.0,1716.0
17919683457250523,17841412177671196,reisebr,R E I S E ®,,19.0,01/13/2026 12:59,https://www.instagram.com/stories/reisebr/3809417738259598498,Story do Instagram,,Total,1943.0,1497.0,12.0,1.0,,1.0,14.0,1860.0
18081851945232180,17841412177671196,reisebr,R E I S E ®,,22.0,01/13/2026 12:59,https://www.instagram.com/stories/reisebr/3809417405466740897,Story do Instagram,,Total,2005.0,1594.0,11.0,1.0,2.0,1.0,22.0,1868.0,1.0
17909893806294130,17841412177671196,reisebr,R E I S E ®,,16.0,01/13/2026 12:57,https://www.instagram.com/stories/reisebr/3809416557210750589,Story do Instagram,,Total,2309.0,2015.0,10.0,1.0,20.0,2.0,,2103.0,7.0
18068029388176185,17841412177671196,reisebr,R E I S E ®,,0.0,2026-12-01 13:02:00,https://www.instagram.com/stories/reisebr/3808694160413289674,Story do Instagram,,Total,1698.0,1440.0,6.0,0.0,6.0,2.0,14.0,1621.0
18554686429031006,17841412177671196,reisebr,R E I S E ®,,0.0,2026-12-01 13:01:00,https://www.instagram.com/stories/reisebr/3808693726176966815,Story do Instagram,,Total,1903.0,1531.0,9.0,0.0,2.0,0.0,,1816.0
18086048843120925,17841412177671196,reisebr,R E I S E ®,,0.0,2026-12-01 13:01:00,https://www.instagram.com/stories/reisebr/3808693554520880640,Story do Instagram,,Total,2081.0,1569.0,8.0,0.0,5.0,0.0,,1942.0
18051559595438005,17841412177671196,reisebr,R E I S E ®,,0.0,2026-12-01 13:00:00,https://www.instagram.com/stories/reisebr/3808693337146879719,Story do Instagram,,Total,2052.0,1677.0,6.0,2.0,7.0,0.0,,1905.0
18200960884325922,17841412177671196,reisebr,R E I S E ®,,0.0,2026-12-01 13:00:00,https://www.instagram.com/stories/reisebr/3808693029226249978,Story do Instagram,,Total,2454.0,2127.0,2.0,0.0,17.0,0.0,,2232.0,5.0
17872296153499481,17841412177671196,reisebr,R E I S E ®,,0.0,2026-11-01 13:05:00,https://www.instagram.com/stories/reisebr/3807970787919959249,Story do Instagram,,Total,1861.0,1560.0,14.0,0.0,2.0,2.0,16.0,1769.0
17848235877663738,17841412177671196,reisebr,R E I S E ®,,0.0,2026-11-01 13:04:00,https://www.instagram.com/stories/reisebr/3807970277691564234,Story do Instagram,,Total,1943.0,1630.0,11.0,1.0,8.0,0.0,15.0,1858.0
18210162292316507,17841412177671196,reisebr,R E I S E ®,,0.0,2026-11-01 13:03:00,https://www.instagram.com/stories/reisebr/3807969809632231571,Story do Instagram,,Total,2016.0,1704.0,9.0,0.0,2.0,2.0,16.0,1934.0
18109049992647719,17841412177671196,reisebr,R E I S E ®,,0.0,2026-11-01 13:03:00,https://www.instagram.com/stories/reisebr/3807969708121895520,Story do Instagram,,Total,2129.0,1796.0,8.0,0.0,2.0,0.0,11.0,2016.0
18157107748420517,17841412177671196,reisebr,R E I S E ®,,0.0,2026-11-01 13:01:00,https://www.instagram.com/stories/reisebr/3807969138493872383,Story do Instagram,,Total,2251.0,1927.0,13.0,0.0,6.0,7.0,12.0,2117.0,1.0
18416350528187921,17841412177671196,reisebr,R E I S E ®,,0.0,2026-11-01 13:00:00,https://www.instagram.com/stories/reisebr/3807968482822732453,Story do Instagram,,Total,2783.0,2414.0,10.0,0.0,20.0,0.0,,2538.0,3.0
18072944480084587,17841412177671196,reisebr,R E I S E ®,,0.0,2026-10-01 13:36:00,https://www.instagram.com/stories/reisebr/3807261542824117188,Story do Instagram,,Total,1955.0,1700.0,2.0,0.0,13.0,0.0,,1878.0
18083685881130726,17841412177671196,reisebr,R E I S E ®,,0.0,2026-10-01 13:36:00,https://www.instagram.com/stories/reisebr/3807261519403101024,Story do Instagram,,Total,2025.0,1799.0,2.0,0.0,5.0,1.0,,1948.0
17875979673468053,17841412177671196,reisebr,R E I S E ®,,0.0,2026-10-01 13:35:00,https://www.instagram.com/stories/reisebr/3807261499421486995,Story do Instagram,,Total,2168.0,1892.0,3.0,1.0,2.0,0.0,,2076.0
18100626085885608,17841412177671196,reisebr,R E I S E ®,,0.0,2026-10-01 13:35:00,https://www.instagram.com/stories/reisebr/3807261476478645242,Story do Instagram,,Total,2327.0,2022.0,3.0,0.0,2.0,0.0,,2218.0
17929495089178493,17841412177671196,reisebr,R E I S E ®,,0.0,2026-10-01 13:35:00,https://www.instagram.com/stories/reisebr/3807261462511588596,Story do Instagram,,Total,3062.0,2681.0,2.0,0.0,20.0,0.0,,2835.0,2.0
18065842040207232,17841412177671196,reisebr,R E I S E ®,,0.0,2026-09-01 11:24:00,https://www.instagram.com/stories/reisebr/3806470496427044135,Story do Instagram,,Total,1501.0,1325.0,2.0,0.0,9.0,0.0,,1428.0
18063031529285466,17841412177671196,reisebr,R E I S E ®,,0.0,2026-09-01 11:24:00,https://www.instagram.com/stories/reisebr/3806470470019708718,Story do Instagram,,Total,1622.0,1386.0,2.0,0.0,2.0,0.0,12.0,1557.0
17941085583101686,17841412177671196,reisebr,R E I S E ®,,0.0,2026-09-01 11:23:00,https://www.instagram.com/stories/reisebr/3806470128402005841,Story do Instagram,,Total,1727.0,1455.0,3.0,0.0,3.0,0.0,16.0,1622.0
17864313450555471,17841412177671196,reisebr,R E I S E ®,,5.0,2026-09-01 11:22:00,https://www.instagram.com/stories/reisebr/3806469775241595015,Story do Instagram,,Total,1715.0,1542.0,5.0,0.0,2.0,0.0,,1555.0
18089738317826784,17841412177671196,reisebr,R E I S E ®,,0.0,12/31/2025 07:01,https://www.instagram.com/stories/reisebr/3799815252242096382,Story do Instagram,,Total,1710.0,1520.0,1.0,1.0,1.0,0.0,,1627.0
17943240863962821,17841412177671196,reisebr,R E I S E ®,,0.0,12/31/2025 07:01,https://www.instagram.com/stories/reisebr/3799814983739527018,Story do Instagram,,Total,2118.0,1852.0,2.0,0.0,5.0,0.0,,1946.0,1.0
17864677998556821,17841412177671196,reisebr,R E I S E ®,,0.0,2026-08-01 12:58:00,https://www.instagram.com/stories/reisebr/3805792951301948419,Story do Instagram,,Total,1620.0,1335.0,5.0,1.0,3.0,1.0,28.0,1512.0
18089419595008257,17841412177671196,reisebr,R E I S E ®,,0.0,2026-08-01 12:57:00,https://www.instagram.com/stories/reisebr/3805792767398453629,Story do Instagram,,Total,1745.0,1416.0,3.0,0.0,1.0,0.0,22.0,1654.0
18102884893806685,17841412177671196,reisebr,R E I S E ®,,0.0,2026-08-01 12:57:00,https://www.instagram.com/stories/reisebr/3805792498099020725,Story do Instagram,,Total,1898.0,1474.0,3.0,0.0,2.0,0.0,32.0,1777.0
18094290781916356,17841412177671196,reisebr,R E I S E ®,,0.0,2026-08-01 12:56:00,https://www.instagram.com/stories/reisebr/3805792278367799220,Story do Instagram,,Total,1989.0,1569.0,5.0,0.0,3.0,0.0,32.0,1864.0
18148685890452436,17841412177671196,reisebr,R E I S E ®,,12.0,2026-08-01 12:56:00,https://www.instagram.com/stories/reisebr/3805791880974265130,Story do Instagram,,Total,2359.0,2019.0,5.0,1.0,10.0,0.0,,2177.0,1.0
18039687332720586,17841412177671196,reisebr,R E I S E ®,,0.0,2026-07-01 12:56:00,https://www.instagram.com/stories/reisebr/3805067538548229912,Story do Instagram,,Total,1690.0,1436.0,3.0,0.0,21.0,1.0,,1616.0
17966610492006628,17841412177671196,reisebr,R E I S E ®,,0.0,2026-07-01 12:56:00,https://www.instagram.com/stories/reisebr/3805067275649277498,Story do Instagram,,Total,1769.0,1522.0,4.0,2.0,4.0,1.0,,1699.0
18425995939114985,17841412177671196,reisebr,R E I S E ®,,0.0,2026-07-01 12:56:00,https://www.instagram.com/stories/reisebr/3805067237581722265,Story do Instagram,,Total,1919.0,1586.0,7.0,0.0,3.0,0.0,,1836.0,1.0
18090758665971340,17841412177671196,reisebr,R E I S E ®,,0.0,2026-07-01 12:56:00,https://www.instagram.com/stories/reisebr/3805067185161332930,Story do Instagram,,Total,2061.0,1698.0,8.0,4.0,5.0,1.0,,1931.0
17883155457329608,17841412177671196,reisebr,R E I S E ®,,0.0,2026-07-01 12:56:00,https://www.instagram.com/stories/reisebr/3805067065959191270,Story do Instagram,,Total,2505.0,2144.0,8.0,1.0,13.0,1.0,,2246.0,2.0
17881214886443532,17841412177671196,reisebr,R E I S E ®,,0.0,2026-06-01 13:04:00,https://www.instagram.com/stories/reisebr/3804346394304161503,Story do Instagram,,Total,2279.0,1751.0,2.0,1.0,10.0,1.0,78.0,2131.0
18032421014558437,17841412177671196,reisebr,R E I S E ®,,0.0,2026-06-01 13:03:00,https://www.instagram.com/stories/reisebr/3804345853079536800,Story do Instagram,,Total,2299.0,1880.0,7.0,4.0,4.0,1.0,,2087.0
18110254648655744,17841412177671196,reisebr,R E I S E ®,,0.0,2026-06-01 13:02:00,https://www.instagram.com/stories/reisebr/3804345726101201866,Story do Instagram,,Total,2292.0,1974.0,3.0,1.0,3.0,0.0,,2201.0
17858774850583445,17841412177671196,reisebr,R E I S E ®,,0.0,2026-06-01 13:02:00,https://www.instagram.com/stories/reisebr/3804345637265836076,Story do Instagram,,Total,2859.0,2464.0,6.0,1.0,19.0,0.0,,2612.0,1.0
17933130441153123,17841412177671196,reisebr,R E I S E ®,,0.0,2026-05-01 12:23:00,https://www.instagram.com/stories/reisebr/3803600989400400339,Story do Instagram,,Total,1529.0,1363.0,4.0,0.0,6.0,1.0,,1469.0
18446207059097276,17841412177671196,reisebr,R E I S E ®,,0.0,2026-05-01 12:23:00,https://www.instagram.com/stories/reisebr/3803600947105086944,Story do Instagram,,Total,1666.0,1459.0,6.0,0.0,3.0,0.0,,1582.0
18072611294597667,17841412177671196,reisebr,R E I S E ®,,0.0,2026-05-01 12:22:00,https://www.instagram.com/stories/reisebr/3803600852162806613,Story do Instagram,,Total,1743.0,1504.0,7.0,0.0,1.0,0.0,,1648.0
18279896041304349,17841412177671196,reisebr,R E I S E ®,,0.0,2026-05-01 12:21:00,https://www.instagram.com/stories/reisebr/3803600312347477456,Story do Instagram,,Total,1818.0,1607.0,5.0,0.0,3.0,2.0,,1715.0
18320252545223497,17841412177671196,reisebr,R E I S E ®,,0.0,2026-05-01 12:21:00,https://www.instagram.com/stories/reisebr/3803600249533597862,Story do Instagram,,Total,2378.0,2093.0,6.0,0.0,16.0,0.0,,2139.0,1.0
18098245162892691,17841412177671196,reisebr,R E I S E ®,,0.0,2026-04-01 13:03:00,https://www.instagram.com/stories/reisebr/3802896568819900744,Story do Instagram,,Total,2175.0,1954.0,7.0,0.0,10.0,1.0,,2059.0
17866128159540681,17841412177671196,reisebr,R E I S E ®,,0.0,2026-04-01 13:02:00,https://www.instagram.com/stories/reisebr/3802895963480828930,Story do Instagram,,Total,2274.0,2063.0,5.0,0.0,2.0,0.0,,2188.0,1.0
17900509512358815,17841412177671196,reisebr,R E I S E ®,,0.0,2026-04-01 13:02:00,https://www.instagram.com/stories/reisebr/3802895781599548260,Story do Instagram,,Total,2466.0,2210.0,5.0,0.0,2.0,0.0,,2349.0
18036445691738255,17841412177671196,reisebr,R E I S E ®,,0.0,2026-04-01 13:00:00,https://www.instagram.com/stories/reisebr/3802895116726940897,Story do Instagram,,Total,3212.0,2823.0,5.0,0.0,15.0,0.0,,2912.0
18053828420373373,17841412177671196,reisebr,R E I S E ®,,0.0,2026-02-01 08:04:00,https://www.instagram.com/stories/reisebr/3801296189782796402,Story do Instagram,,Total,2458.0,2093.0,2.0,0.0,7.0,1.0,19.0,2332.0,1.0
18353303971200395,17841412177671196,reisebr,R E I S E ®,,0.0,2026-02-01 08:03:00,https://www.instagram.com/stories/reisebr/3801295811389537550,Story do Instagram,,Total,2625.0,2255.0,0.0,0.0,7.0,0.0,15.0,2477.0
17923024869207840,17841412177671196,reisebr,R E I S E ®,,0.0,2026-02-01 08:01:00,https://www.instagram.com/stories/reisebr/3801294747093371416,Story do Instagram,,Total,3211.0,2815.0,0.0,0.0,13.0,0.0,,2938.0
17842876614669110,17841412177671196,reisebr,R E I S E ®,,0.0,2026-01-01 04:00:00,https://www.instagram.com/stories/reisebr/3800449024084773668,Story do Instagram,,Total,3087.0,2789.0,4.0,0.0,10.0,0.0,,2858.0
18109190965723657,17841412177671196,reisebr,R E I S E ®,,0.0,12/31/2025 07:02,https://www.instagram.com/stories/reisebr/3799815679122508936,Story do Instagram,,Total,1428.0,1309.0,2.0,0.0,4.0,0.0,,1382.0
18002227856846788,17841412177671196,reisebr,R E I S E ®,,0.0,12/31/2025 07:02,https://www.instagram.com/stories/reisebr/3799815567411939352,Story do Instagram,,Total,1465.0,1360.0,2.0,0.0,1.0,0.0,,1429.0
18084751961127325,17841412177671196,reisebr,R E I S E ®,,0.0,12/31/2025 07:02,https://www.instagram.com/stories/reisebr/3799815472048789434,Story do Instagram,,Total,1506.0,1388.0,2.0,0.0,,0.0,,1476.0
18117780715574677,17841412177671196,reisebr,R E I S E ®,,0.0,12/31/2025 07:01,https://www.instagram.com/stories/reisebr/3799815373633678921,Story do Instagram,,Total,1594.0,1440.0,1.0,0.0,1.0,0.0,,1550.0
